ID_Alumno,Item_01,Item_02,Item_03,Item_04,Item_05,Item_06,Item_07,Item_08,Item_09,Item_10,Item_11,Item_12,Item_13,Item_14,Item_15,Item_16,Item_17,Item_18,Item_19,Item_20,Inasistencias,Nota_B1,Nota_B2,Nota_B3,Nota_B4,Promedio_Final,Estado_TDAH,Nota_B1_Num,Nota_B2_Num,Nota_B3_Num,Nota_B4_Num,Promedio_Final_Num
ALU_362,3,3,3,3,3,2,3,3,3,2,3,2,3,2,3,2,3,3,3,2,3,A,AD,A,A,A,2,2,3,2,2,2
ALU_074,0,1,0,1,0,0,0,0,1,1,0,0,0,0,0,0,0,0,0,0,9,B,C,B,C,C,0,1,0,1,0,0
ALU_375,2,2,3,3,3,2,3,3,3,3,2,3,3,2,3,2,2,3,3,3,9,B,B,B,C,B,2,1,1,1,0,1
ALU_156,2,2,1,1,2,2,2,2,1,1,2,1,0,2,1,1,1,2,0,1,2,AD,AD,A,A,A,0,3,3,2,2,2
ALU_105,1,1,1,1,1,2,0,2,2,1,1,1,1,2,2,2,1,0,1,1,5,AD,AD,AD,AD,AD,0,3,3,3,3,3
ALU_395,2,2,3,2,2,2,1,1,2,2,2,2,1,2,2,2,2,2,2,2,12,C,C,C,C,C,2,0,0,0,0,0
ALU_378,2,1,3,1,3,2,1,2,2,2,2,3,2,3,2,2,2,1,2,3,12,B,C,C,B,C,2,1,0,0,1,0
ALU_125,0,0,1,0,1,1,0,0,0,1,1,1,0,0,0,0,0,0,0,0,2,B,A,A,B,A,0,1,2,2,1,2
ALU_069,1,1,1,0,1,2,0,1,1,2,0,0,2,0,0,2,2,0,1,1,1,AD,AD,AD,AD,AD,0,3,3,3,3,3
ALU_451,2,2,3,3,2,2,2,2,3,3,3,3,2,3,2,3,2,2,1,1,16,C,B,B,B,B,2,0,1,1,1,1
ALU_010,0,0,0,2,0,0,0,0,0,0,0,1,0,0,1,1,0,0,0,0,3,A,B,B,B,B,0,2,1,1,1,1
ALU_195,0,1,0,0,0,0,0,1,0,0,0,0,0,1,1,0,0,0,0,0,5,A,AD,A,A,A,0,2,3,2,2,2
ALU_407,2,2,2,2,3,3,3,3,3,2,3,2,2,3,2,2,3,3,2,3,10,B,C,B,B,B,2,1,0,1,1,1
ALU_085,1,0,2,0,1,1,2,1,1,2,1,1,1,1,1,1,1,2,0,0,1,B,AD,A,A,A,0,1,3,2,2,2
ALU_372,2,2,1,2,2,3,2,2,3,3,3,2,2,1,2,2,1,1,2,2,13,C,B,B,C,C,2,0,1,1,0,0
ALU_389,3,3,3,2,2,3,2,3,3,2,3,2,2,3,3,3,3,2,3,3,20,B,B,C,C,C,2,1,1,0,0,0
ALU_496,3,2,2,3,3,3,3,3,3,3,2,2,3,2,3,3,3,3,2,2,8,A,A,B,B,A,2,2,2,1,1,2
ALU_031,1,1,0,0,1,0,0,1,0,1,0,1,1,0,1,1,0,1,1,1,3,AD,AD,B,AD,A,0,3,3,1,3,2
ALU_317,1,3,3,3,2,3,3,3,2,3,3,2,3,2,3,3,3,3,3,3,8,B,A,A,B,A,1,1,2,2,1,2
ALU_409,3,3,3,3,3,2,3,3,3,3,2,3,2,3,3,2,3,3,3,2,14,B,B,A,C,B,2,1,1,2,0,1
ALU_491,2,3,3,3,3,3,3,2,3,3,3,3,3,2,2,2,3,1,2,2,17,B,B,B,B,B,2,1,1,1,1,1
ALU_492,3,2,2,2,2,2,3,3,2,3,2,1,2,2,2,2,1,3,2,3,8,B,B,B,B,B,2,1,1,1,1,1
ALU_281,0,0,0,0,0,1,1,2,0,1,0,0,0,1,0,0,0,0,0,0,6,A,A,A,A,A,1,2,2,2,2,2
ALU_357,1,1,2,2,0,0,1,1,2,2,1,1,1,0,1,1,1,0,2,2,4,B,A,B,AD,A,1,1,2,1,3,2
ALU_077,1,2,0,3,2,2,2,1,2,1,1,2,1,2,1,2,1,1,2,2,1,A,A,AD,AD,A,0,2,2,3,3,2
ALU_462,3,3,2,2,3,1,2,1,2,2,1,2,2,2,2,1,2,2,2,1,4,A,AD,AD,B,A,2,2,3,3,1,2
ALU_498,1,3,1,3,2,3,2,2,2,0,2,2,1,3,3,1,2,2,2,3,8,B,B,B,C,B,2,1,1,1,0,1
ALU_212,0,1,1,0,1,3,1,1,0,2,0,1,1,2,1,1,1,1,1,1,1,A,A,A,AD,A,0,2,2,2,3,2
ALU_102,2,2,2,3,1,1,1,2,2,2,2,1,1,1,2,2,2,2,1,1,6,B,C,B,B,B,0,1,0,1,1,1
ALU_335,1,1,1,0,0,1,1,1,1,1,1,1,1,2,1,0,1,1,1,2,6,C,B,C,C,C,1,0,1,0,0,0
ALU_476,1,1,0,2,1,2,2,1,1,1,2,3,3,1,2,2,3,2,1,2,11,C,B,C,B,C,2,0,1,0,1,0
ALU_337,2,2,3,2,2,2,1,3,2,2,3,2,2,3,2,2,2,2,2,2,4,A,B,AD,A,A,1,2,1,3,2,2
ALU_441,3,3,3,2,3,3,3,3,3,3,2,2,2,3,3,2,3,3,3,3,11,B,B,B,B,B,2,1,1,1,1,1
ALU_174,1,2,0,1,1,1,0,0,1,0,1,1,2,0,0,0,1,1,1,0,8,B,B,C,C,C,0,1,1,0,0,0
ALU_003,1,0,0,1,1,0,0,0,0,0,0,1,0,0,0,0,0,1,1,0,2,C,AD,A,A,A,0,0,3,2,2,2
ALU_334,3,1,3,2,3,3,3,3,3,3,2,2,3,3,2,3,2,3,3,2,10,B,AD,AD,AD,A,1,1,3,3,3,2
ALU_410,3,3,1,3,3,2,2,3,2,3,3,3,3,3,3,3,3,2,2,2,14,AD,AD,B,A,A,2,3,3,1,2,2
ALU_071,0,2,1,1,0,2,1,2,1,0,0,1,1,1,1,0,1,1,2,0,2,A,B,B,B,B,0,2,1,1,1,1
ALU_210,2,1,0,1,1,0,0,1,0,1,1,1,1,1,1,0,0,1,0,0,4,AD,A,A,A,A,0,3,2,2,2,2
ALU_064,1,2,2,1,1,3,2,2,2,2,3,3,3,3,3,3,3,3,2,2,3,A,A,A,B,A,0,2,2,2,1,2
ALU_385,2,2,2,2,2,3,3,2,3,2,2,2,3,2,2,3,2,3,1,2,1,AD,AD,A,A,A,2,3,3,2,2,2
ALU_094,1,1,1,1,1,1,1,0,0,1,0,1,1,1,1,1,0,1,0,2,4,B,A,B,B,B,0,1,2,1,1,1
ALU_486,3,3,3,3,3,3,2,3,2,3,3,2,2,2,1,2,2,3,2,3,14,C,A,C,C,C,2,0,2,0,0,0
ALU_186,0,0,0,1,0,2,0,1,1,1,0,0,0,1,1,1,0,1,1,1,5,A,AD,AD,AD,AD,0,2,3,3,3,3
ALU_034,1,3,2,2,1,1,1,1,1,1,2,2,0,1,1,1,1,2,2,1,3,A,B,A,B,A,0,2,1,2,1,2
ALU_078,0,0,0,0,0,0,0,0,0,0,1,1,0,0,1,0,1,0,0,0,5,A,A,AD,A,A,0,2,2,3,2,2
ALU_001,1,2,2,0,2,2,1,2,2,1,2,1,2,2,2,1,3,2,1,3,3,B,B,B,C,B,0,1,1,1,0,1
ALU_012,0,0,0,0,0,0,1,0,0,1,0,0,0,1,0,0,0,0,0,0,1,A,A,A,A,A,0,2,2,2,2,2
ALU_416,2,1,1,2,2,2,2,2,1,2,1,3,3,1,3,2,2,2,3,3,4,A,C,B,B,B,2,2,0,1,1,1
ALU_023,1,1,1,1,1,1,2,3,1,2,2,1,1,2,1,0,1,1,2,2,8,C,B,C,C,C,0,0,1,0,0,0
ALU_073,1,1,0,1,0,1,2,2,1,0,1,1,1,0,2,2,0,1,1,2,2,A,A,B,B,A,0,2,2,1,1,2
ALU_183,2,1,1,2,2,1,2,0,1,0,0,0,0,1,0,0,0,0,1,0,0,AD,AD,AD,AD,AD,0,3,3,3,3,3
ALU_132,0,1,0,0,1,2,1,0,0,1,1,0,1,0,0,0,1,0,1,0,1,A,AD,A,AD,A,0,2,3,2,3,2
ALU_411,3,3,3,3,2,2,3,1,2,2,2,2,3,2,3,1,3,1,2,2,9,C,C,C,C,C,2,0,0,0,0,0
ALU_194,2,1,3,1,2,1,1,0,1,1,0,1,1,0,1,1,0,1,1,1,4,AD,A,A,AD,A,0,3,2,2,3,2
ALU_056,1,1,1,1,0,1,0,0,0,0,1,0,0,0,0,0,0,0,0,0,1,A,A,A,B,A,0,2,2,2,1,2
ALU_149,1,1,1,1,1,1,1,1,0,1,2,2,1,0,1,2,1,0,0,1,3,A,A,A,AD,A,0,2,2,2,3,2
ALU_019,0,2,1,1,2,1,1,0,0,0,1,2,1,2,0,1,1,1,1,1,3,AD,AD,AD,AD,AD,0,3,3,3,3,3
ALU_205,0,0,0,0,0,0,0,1,0,0,0,1,1,1,0,0,1,0,1,1,3,C,A,B,A,B,0,0,2,1,2,1
ALU_079,0,0,1,1,1,0,1,0,1,1,0,0,0,2,1,0,1,1,1,0,4,A,AD,AD,A,A,0,2,3,3,2,2
ALU_495,1,2,2,2,3,2,3,3,2,2,3,1,1,3,1,1,3,2,2,2,20,C,B,C,C,C,2,0,1,0,0,0
ALU_263,3,3,3,3,3,3,3,2,3,3,2,3,2,3,3,3,2,2,3,3,5,A,C,B,A,B,1,2,0,1,2,1
ALU_324,0,2,1,1,1,1,2,1,2,1,2,0,2,2,0,2,2,2,1,2,1,B,A,B,A,A,1,1,2,1,2,2
ALU_484,2,2,2,2,2,3,2,2,3,2,1,1,2,1,2,1,1,2,2,2,8,B,B,A,A,A,2,1,1,2,2,2
ALU_080,0,0,0,1,0,0,0,0,1,0,1,1,0,0,0,1,0,0,1,1,2,B,A,A,A,A,0,1,2,2,2,2
ALU_040,2,2,2,2,2,1,1,1,2,1,1,2,2,2,2,1,1,2,1,2,2,A,A,A,AD,A,0,2,2,2,3,2
ALU_452,2,2,2,2,1,2,0,2,2,1,2,1,1,1,2,2,1,2,2,3,6,B,B,B,B,B,2,1,1,1,1,1
ALU_047,0,0,0,0,0,0,0,0,1,0,0,0,0,0,0,0,0,0,0,1,6,AD,A,A,B,A,0,3,2,2,1,2
ALU_239,0,1,1,0,2,1,1,1,1,1,0,1,1,1,2,1,1,0,2,2,5,A,A,AD,C,A,0,2,2,3,0,2
ALU_392,2,3,2,3,2,2,2,3,3,2,3,2,2,2,3,2,3,2,3,3,12,C,C,C,B,C,2,0,0,0,1,0
ALU_353,0,0,0,0,0,0,1,1,0,0,0,0,1,0,1,0,0,0,0,0,4,A,B,B,A,A,1,2,1,1,2,2
ALU_342,3,3,3,3,2,3,3,3,3,2,2,3,2,2,2,2,3,2,2,3,3,AD,A,A,A,A,1,3,2,2,2,2
ALU_278,1,2,1,1,2,2,3,2,2,2,1,0,2,1,2,1,1,0,1,1,5,AD,A,A,AD,A,1,3,2,2,3,2
ALU_291,2,2,2,1,2,3,3,3,3,2,2,3,3,1,2,2,3,3,2,3,6,A,B,A,AD,A,1,2,1,2,3,2
ALU_318,1,0,2,0,1,3,2,2,3,3,1,1,1,2,1,1,1,1,1,1,6,B,B,B,B,B,1,1,1,1,1,1
ALU_305,1,1,1,2,0,1,0,1,2,2,2,1,1,1,2,3,2,1,3,1,6,B,B,B,B,B,1,1,1,1,1,1
ALU_269,1,2,1,1,0,2,1,2,0,0,1,0,1,2,1,1,1,1,1,1,9,B,A,B,B,B,1,1,2,1,1,1
ALU_070,0,1,2,1,1,2,1,1,1,1,0,0,0,1,0,2,1,0,0,1,12,C,C,C,B,C,0,0,0,0,1,0
ALU_456,2,2,2,1,2,2,2,2,2,1,2,2,3,2,3,3,3,3,3,2,12,C,B,C,C,C,2,0,1,0,0,0
ALU_466,3,2,2,2,3,3,3,3,3,3,3,3,3,3,3,3,3,2,3,3,10,B,C,B,B,B,2,1,0,1,1,1
ALU_155,1,1,1,0,1,1,1,1,1,2,1,1,1,1,2,1,0,1,1,0,5,C,A,B,B,B,0,0,2,1,1,1
ALU_083,0,1,1,1,0,1,0,0,1,0,0,0,0,0,1,0,0,0,2,0,2,AD,AD,A,A,A,0,3,3,2,2,2
ALU_478,3,2,3,2,2,3,3,3,2,2,2,3,3,3,3,3,3,3,3,3,16,B,B,B,A,B,2,1,1,1,2,1
ALU_173,0,0,0,0,0,0,0,0,0,1,0,0,0,2,0,1,1,0,0,0,4,AD,AD,AD,AD,AD,0,3,3,3,3,3
ALU_322,3,2,2,3,2,3,3,1,2,2,2,1,1,2,3,1,3,2,3,1,9,C,C,C,B,C,1,0,0,0,1,0
ALU_091,1,1,1,1,1,1,0,1,1,0,1,0,1,0,1,1,1,1,1,1,4,AD,AD,AD,A,AD,0,3,3,3,2,3
ALU_181,1,1,1,1,1,1,0,1,2,2,1,1,2,0,2,1,1,2,1,1,4,A,AD,AD,AD,AD,0,2,3,3,3,3
ALU_415,3,3,2,2,3,2,3,3,2,3,3,2,2,3,3,3,3,2,3,3,15,B,C,C,C,C,2,1,0,0,0,0
ALU_313,0,0,1,2,0,1,1,1,0,1,2,2,1,1,2,1,1,1,1,1,8,B,B,B,A,B,1,1,1,1,2,1
ALU_279,0,1,1,2,0,1,2,2,2,2,2,2,1,0,1,1,1,1,0,1,7,B,C,C,C,C,1,1,0,0,0,0
ALU_382,1,2,2,2,2,2,3,3,3,2,2,2,2,3,2,2,2,1,3,2,13,C,C,C,C,C,2,0,0,0,0,0
ALU_473,1,3,3,1,3,3,3,3,2,2,3,3,1,2,3,3,2,3,3,2,10,C,C,C,C,C,2,0,0,0,0,0
ALU_363,2,2,3,2,2,3,3,3,1,2,2,3,3,1,2,3,3,3,3,3,20,C,C,C,B,C,2,0,0,0,1,0
ALU_325,1,1,2,2,1,2,2,2,3,3,2,3,2,2,2,1,3,2,2,1,5,B,B,B,B,B,1,1,1,1,1,1
ALU_432,2,3,1,3,2,2,3,3,3,2,3,3,1,3,3,2,2,2,3,3,11,B,A,AD,A,A,2,1,2,3,2,2
ALU_348,2,2,1,2,1,2,1,2,2,3,2,2,2,2,2,1,2,2,2,3,5,B,B,B,C,B,1,1,1,1,0,1
ALU_087,0,0,0,0,1,0,1,1,1,1,0,0,0,0,0,0,0,1,0,1,5,B,A,B,C,B,0,1,2,1,0,1
ALU_076,0,1,1,0,2,2,2,2,2,2,2,1,1,1,1,1,1,1,1,1,4,C,C,C,B,C,0,0,0,0,1,0
ALU_439,3,3,3,3,3,3,2,3,2,2,2,3,2,1,1,2,2,1,1,3,12,A,B,B,B,B,2,2,1,1,1,1
ALU_016,0,1,1,1,1,0,0,1,0,2,1,0,1,1,1,1,0,0,1,1,2,AD,A,A,A,A,0,3,2,2,2,2
ALU_250,0,0,0,0,0,0,0,0,2,0,0,0,1,0,1,2,0,1,1,1,3,A,B,B,C,B,0,2,1,1,0,1
ALU_434,1,1,2,2,3,1,1,1,1,1,1,2,0,2,2,1,2,1,2,2,14,B,A,A,B,A,2,1,2,2,1,2
ALU_020,0,1,1,0,0,0,1,1,0,0,0,0,0,0,1,0,0,1,1,0,1,C,B,B,C,C,0,0,1,1,0,0
ALU_323,1,1,1,0,1,3,1,2,3,2,2,2,3,2,1,1,1,1,2,2,13,B,B,B,B,B,1,1,1,1,1,1
ALU_333,3,2,3,3,2,3,3,3,3,3,3,2,2,1,2,2,3,2,3,2,5,B,B,B,C,B,1,1,1,1,0,1
ALU_057,0,0,0,1,1,1,1,0,0,0,0,0,1,0,0,1,1,1,1,0,1,A,A,B,A,A,0,2,2,1,2,2
ALU_302,3,3,2,1,2,3,2,2,3,3,3,2,1,1,2,2,3,1,2,3,9,AD,AD,AD,AD,AD,1,3,3,3,3,3
ALU_230,0,0,0,1,1,0,2,1,0,0,1,0,0,0,0,0,0,0,0,0,4,AD,AD,A,A,A,0,3,3,2,2,2
ALU_332,1,2,2,1,1,1,2,1,2,1,2,1,1,1,1,1,1,2,2,0,5,B,C,C,C,C,1,1,0,0,0,0
ALU_133,2,2,1,1,2,2,1,1,1,2,2,2,1,1,2,2,3,2,1,2,4,AD,AD,A,A,A,0,3,3,2,2,2
ALU_138,1,0,1,2,1,0,1,0,1,1,0,1,1,0,0,0,1,0,1,0,1,A,A,A,A,A,0,2,2,2,2,2
ALU_424,1,2,1,2,2,1,3,1,1,3,2,2,1,1,1,0,3,2,1,1,9,B,B,A,B,B,2,1,1,2,1,1
ALU_336,0,0,1,0,1,1,1,0,1,1,0,1,0,0,0,1,1,0,1,1,10,B,A,A,A,A,1,1,2,2,2,2
ALU_026,1,0,1,1,2,1,0,1,2,1,1,1,2,0,0,0,1,1,1,0,9,C,C,B,A,B,0,0,0,1,2,1
ALU_465,1,2,1,2,2,2,1,3,1,2,2,1,2,1,2,2,2,2,2,0,13,B,B,B,A,B,2,1,1,1,2,1
ALU_282,0,1,0,1,0,0,0,2,0,0,0,1,0,1,0,0,1,1,1,0,7,AD,A,AD,A,A,1,3,2,3,2,2
ALU_248,0,0,0,0,0,0,1,1,1,0,0,0,0,0,0,0,0,0,1,1,4,B,AD,A,A,A,0,1,3,2,2,2
ALU_238,0,1,1,1,1,1,0,1,1,0,1,0,1,1,0,0,1,0,1,1,4,AD,AD,AD,A,AD,0,3,3,3,2,3
ALU_118,1,1,3,1,3,1,1,1,3,1,2,0,2,1,1,2,1,2,1,1,4,A,A,B,A,A,0,2,2,1,2,2
ALU_043,1,2,2,2,2,0,3,2,2,2,3,2,1,2,1,1,2,2,2,2,13,C,C,C,B,C,0,0,0,0,1,0
ALU_221,1,1,0,0,1,0,1,1,2,2,1,0,1,1,1,1,0,1,1,1,6,AD,AD,A,AD,AD,0,3,3,2,3,3
ALU_177,2,2,2,1,1,0,1,1,1,1,0,1,0,0,0,0,0,1,1,1,1,AD,AD,AD,A,AD,0,3,3,3,2,3
ALU_321,0,0,0,0,0,1,0,0,0,1,1,1,0,0,0,0,0,0,1,0,9,AD,AD,AD,A,AD,1,3,3,3,2,3
ALU_154,2,2,2,2,2,2,2,1,2,1,1,2,2,2,3,1,1,2,2,1,11,C,C,C,C,C,0,0,0,0,0,0
ALU_232,2,1,0,1,0,1,1,0,0,0,0,0,0,0,0,0,0,0,0,0,2,A,A,A,A,A,0,2,2,2,2,2
ALU_228,2,2,1,2,1,1,1,0,2,1,1,1,1,1,1,1,1,2,1,1,4,B,B,C,B,B,0,1,1,0,1,1
ALU_418,2,1,1,2,2,2,3,3,3,2,3,2,2,2,2,2,3,3,2,3,9,A,B,B,C,B,2,2,1,1,0,1
ALU_204,1,0,1,1,1,2,1,2,1,1,0,1,0,0,2,1,1,0,0,1,1,AD,AD,AD,AD,AD,0,3,3,3,3,3
ALU_127,0,0,0,0,1,0,0,1,1,1,1,0,1,1,1,1,0,1,0,1,8,A,AD,AD,AD,AD,0,2,3,3,3,3
ALU_330,1,1,2,0,1,0,1,1,2,1,1,0,0,1,1,1,0,1,0,1,11,A,B,B,B,B,1,2,1,1,1,1
ALU_032,1,0,0,0,0,0,0,0,1,0,0,0,1,1,0,1,1,1,1,0,7,B,C,C,C,C,0,1,0,0,0,0
ALU_114,2,0,2,1,1,1,1,1,1,1,1,0,1,2,1,1,0,1,1,2,1,B,B,B,B,B,0,1,1,1,1,1
ALU_471,0,1,1,1,1,2,2,1,1,2,1,2,1,1,0,2,1,2,0,1,16,AD,A,B,B,A,2,3,2,1,1,2
ALU_272,3,1,2,2,3,2,2,1,2,1,2,1,2,2,1,2,2,2,2,2,3,A,B,B,B,B,1,2,1,1,1,1
ALU_141,0,1,0,0,1,1,1,0,1,2,0,1,1,1,1,2,0,1,1,0,2,AD,AD,AD,AD,AD,0,3,3,3,3,3
ALU_058,2,1,1,2,1,1,1,0,2,0,1,1,1,0,2,2,1,1,2,0,2,A,A,A,A,A,0,2,2,2,2,2
ALU_193,2,1,3,2,1,1,1,1,1,1,1,0,2,0,1,1,1,2,1,1,0,A,B,A,A,A,0,2,1,2,2,2
ALU_025,1,2,1,2,0,1,2,1,2,1,1,1,1,2,1,2,2,1,2,0,2,A,B,A,A,A,0,2,1,2,2,2
ALU_018,1,2,1,1,0,0,0,1,0,1,2,1,2,1,2,1,2,1,1,1,1,A,A,A,B,A,0,2,2,2,1,2
ALU_266,2,2,2,2,1,1,2,3,1,1,3,1,2,2,2,1,1,0,3,2,9,A,A,A,A,A,1,2,2,2,2,2
ALU_067,2,1,1,1,1,1,2,1,1,1,0,1,1,0,0,2,1,1,0,1,4,B,B,A,A,A,0,1,1,2,2,2
ALU_209,1,2,1,1,2,1,2,2,1,1,1,1,1,0,1,2,0,1,3,1,10,B,C,B,B,B,0,1,0,1,1,1
ALU_480,2,3,2,3,2,2,3,3,2,3,3,3,3,3,2,3,3,3,3,2,12,B,C,B,C,C,2,1,0,1,0,0
ALU_095,2,2,1,0,3,2,1,3,1,1,2,1,3,2,0,1,1,2,2,2,3,A,A,A,A,A,0,2,2,2,2,2
ALU_254,2,2,2,1,2,2,3,1,2,1,3,1,2,2,2,2,2,1,2,1,8,B,C,B,C,C,1,1,0,1,0,0
ALU_267,1,1,1,1,2,2,2,2,2,2,2,1,1,2,1,2,1,1,1,1,6,A,A,A,A,A,1,2,2,2,2,2
ALU_024,0,0,0,1,1,0,0,1,0,0,0,1,0,0,1,0,0,0,0,0,1,A,C,C,B,B,0,2,0,0,1,1
ALU_223,2,1,1,1,1,1,1,1,0,1,1,2,1,0,2,2,1,1,1,2,3,A,A,AD,AD,A,0,2,2,3,3,2
ALU_262,0,0,0,0,1,2,3,2,2,1,0,0,0,1,0,1,0,1,0,0,12,A,A,B,A,A,1,2,2,1,2,2
ALU_427,3,2,3,3,3,3,3,3,2,2,2,2,2,3,3,2,3,2,3,3,10,C,B,B,C,C,2,0,1,1,0,0
ALU_006,1,0,1,1,1,0,1,1,1,1,2,1,0,0,1,1,2,1,0,2,3,B,A,A,A,A,0,1,2,2,2,2
ALU_117,1,2,1,1,2,0,2,1,2,1,1,2,1,2,0,2,2,1,2,2,4,AD,AD,A,AD,AD,0,3,3,2,3,3
ALU_046,0,0,0,0,0,1,0,0,0,0,0,1,1,0,0,1,1,1,1,1,1,AD,AD,AD,AD,AD,0,3,3,3,3,3
ALU_017,2,3,3,1,3,2,2,2,2,2,2,1,1,2,2,1,1,2,1,2,6,AD,AD,AD,AD,AD,0,3,3,3,3,3
ALU_463,3,3,2,3,3,3,2,1,2,1,2,2,2,3,3,3,2,2,3,2,10,B,C,C,C,C,2,1,0,0,0,0
ALU_358,0,1,1,1,2,2,1,3,1,1,2,2,1,1,1,2,1,1,1,2,8,A,B,B,B,B,1,2,1,1,1,1
ALU_004,0,0,0,0,0,0,0,1,1,1,0,1,1,1,0,0,0,2,1,0,1,AD,A,A,A,A,0,3,2,2,2,2
ALU_219,1,1,1,1,1,0,0,0,0,1,1,2,1,0,1,0,1,1,1,1,3,C,B,A,B,B,0,0,1,2,1,1
ALU_406,2,3,3,2,2,2,2,2,2,2,3,3,2,2,2,3,2,3,3,1,17,A,B,A,AD,A,2,2,1,2,3,2
ALU_061,1,2,2,2,1,2,0,0,1,0,1,1,1,0,2,1,1,1,1,0,4,AD,AD,A,AD,AD,0,3,3,2,3,3
ALU_111,1,2,1,1,0,2,1,1,1,1,0,1,1,1,0,0,1,1,0,1,3,AD,AD,AD,AD,AD,0,3,3,3,3,3
ALU_319,3,3,3,3,3,1,2,3,3,3,2,3,2,3,3,3,2,3,3,3,4,B,C,C,C,C,1,1,0,0,0,0
ALU_429,1,2,2,0,0,2,1,2,2,2,2,2,2,3,2,2,3,2,2,2,14,A,A,A,AD,A,2,2,2,2,3,2
ALU_030,0,1,0,0,1,1,0,1,1,2,0,1,1,0,0,1,0,1,1,0,3,AD,AD,A,A,A,0,3,3,2,2,2
ALU_438,3,2,2,2,2,2,3,2,3,2,3,3,2,3,2,2,1,2,3,3,16,B,C,C,C,C,2,1,0,0,0,0
ALU_472,2,2,1,2,3,3,3,3,3,2,2,3,3,3,2,3,3,3,1,3,2,AD,AD,AD,AD,AD,2,3,3,3,3,3
ALU_027,2,2,0,0,1,1,1,1,1,0,0,2,0,1,1,0,1,0,1,0,1,AD,AD,AD,AD,AD,0,3,3,3,3,3
ALU_008,1,1,0,1,0,0,0,0,0,0,1,1,2,1,0,1,1,2,1,0,4,AD,A,A,AD,A,0,3,2,2,3,2
ALU_454,2,3,3,3,2,2,1,1,2,2,2,2,3,2,2,1,2,3,2,2,11,A,C,C,C,C,2,2,0,0,0,0
ALU_109,0,1,1,1,2,0,1,1,0,1,0,0,1,0,0,1,0,1,1,1,1,A,AD,A,A,A,0,2,3,2,2,2
ALU_038,1,1,1,1,1,0,0,0,0,1,0,0,0,0,1,0,1,1,0,0,1,AD,A,AD,AD,AD,0,3,2,3,3,3
ALU_158,2,2,1,2,3,1,2,1,3,1,1,2,2,2,1,0,1,1,1,2,3,AD,A,AD,AD,AD,0,3,2,3,3,3
ALU_490,3,2,2,2,3,3,3,3,2,2,3,2,3,1,2,3,2,3,1,2,12,C,C,B,B,C,2,0,0,1,1,0
ALU_119,1,1,0,0,0,0,1,1,1,0,1,0,1,1,0,1,1,0,2,1,4,A,A,A,A,A,0,2,2,2,2,2
ALU_115,2,1,2,1,1,0,0,0,0,0,1,0,0,0,0,0,0,0,0,1,2,A,B,A,B,A,0,2,1,2,1,2
ALU_176,1,1,1,2,0,0,0,0,0,0,1,1,1,1,1,1,1,0,0,1,5,A,AD,A,AD,A,0,2,3,2,3,2
ALU_374,3,2,2,2,2,3,3,3,3,3,3,2,2,2,2,3,3,2,3,3,11,A,B,B,B,B,2,2,1,1,1,1
ALU_182,0,0,0,1,0,0,0,1,1,0,0,0,0,0,0,0,0,0,1,0,1,A,A,A,A,A,0,2,2,2,2,2
ALU_145,0,1,1,2,1,0,1,0,2,1,0,0,1,0,2,1,0,1,1,1,4,A,A,A,A,A,0,2,2,2,2,2
ALU_370,2,2,3,2,2,3,3,2,1,3,2,2,3,3,3,2,2,3,2,3,11,B,B,B,B,B,2,1,1,1,1,1
ALU_391,2,2,2,3,3,3,3,3,3,3,2,3,3,3,2,3,2,3,3,3,13,B,B,B,B,B,2,1,1,1,1,1
ALU_196,2,2,1,2,0,1,1,1,0,1,1,2,1,1,1,0,2,2,1,1,4,A,B,A,A,A,0,2,1,2,2,2
ALU_405,3,3,3,3,3,3,2,2,3,3,3,2,2,3,3,3,3,1,3,3,9,A,B,B,B,B,2,2,1,1,1,1
ALU_276,1,2,2,1,1,2,2,2,1,2,1,2,2,2,2,1,1,1,2,3,9,C,B,B,B,B,1,0,1,1,1,1
ALU_455,1,2,0,2,1,3,2,1,1,2,1,1,3,1,2,2,2,2,2,3,10,A,A,A,A,A,2,2,2,2,2,2
ALU_142,0,1,1,2,1,1,1,1,1,1,1,1,1,1,1,0,2,1,1,1,6,B,B,B,C,B,0,1,1,1,0,1
ALU_366,1,1,1,1,2,1,1,1,1,1,2,2,1,2,2,1,1,2,2,0,19,C,C,C,C,C,2,0,0,0,0,0
ALU_068,0,0,0,0,0,0,0,1,0,0,0,0,0,0,0,0,0,0,1,1,3,AD,B,A,AD,A,0,3,1,2,3,2
ALU_211,1,1,2,0,1,1,0,0,1,0,0,1,1,1,1,0,1,0,0,1,7,B,C,B,C,C,0,1,0,1,0,0
ALU_169,1,0,1,1,0,0,0,0,0,2,1,0,0,0,0,0,1,0,1,0,3,A,A,A,AD,A,0,2,2,2,3,2
ALU_494,2,2,3,3,3,2,3,2,2,3,3,2,2,2,2,3,1,3,2,3,14,C,B,B,B,B,2,0,1,1,1,1
ALU_376,2,2,1,1,3,3,3,3,2,3,1,2,2,2,1,3,1,3,2,2,12,B,C,C,B,C,2,1,0,0,1,0
ALU_401,3,2,2,2,3,2,2,1,2,1,2,3,1,3,2,2,3,2,2,3,17,A,A,B,B,A,2,2,2,1,1,2
ALU_273,1,1,1,0,1,0,0,1,1,1,0,0,0,1,0,1,1,1,1,1,5,C,A,A,A,A,1,0,2,2,2,2
ALU_110,0,1,0,0,0,0,0,0,0,2,2,0,0,2,1,2,0,0,0,1,6,B,A,B,A,A,0,1,2,1,2,2
ALU_249,1,2,2,1,0,1,1,2,1,0,1,1,1,2,1,1,1,1,0,1,2,A,AD,A,AD,A,0,2,3,2,3,2
ALU_146,0,3,2,2,2,0,1,1,0,1,0,1,0,1,1,1,1,0,1,0,4,AD,AD,AD,AD,AD,0,3,3,3,3,3
ALU_093,1,1,1,0,0,1,0,0,1,0,0,1,0,1,0,0,1,1,1,0,3,A,A,A,AD,A,0,2,2,2,3,2
ALU_153,0,0,1,0,0,1,1,1,0,1,0,1,0,0,0,0,1,0,1,0,1,A,B,A,A,A,0,2,1,2,2,2
ALU_368,3,3,1,2,3,1,1,0,2,0,2,2,1,3,2,2,2,3,2,3,15,B,B,B,A,B,2,1,1,1,2,1
ALU_468,3,2,3,3,3,3,2,2,3,3,2,2,3,2,1,3,2,3,1,2,17,C,A,C,B,B,2,0,2,0,1,1
ALU_084,0,1,2,1,1,1,2,2,1,2,1,2,2,1,2,3,1,2,1,1,3,A,AD,AD,AD,AD,0,2,3,3,3,3
ALU_246,1,1,0,2,0,0,0,0,1,0,0,0,0,1,1,0,0,1,0,0,11,B,B,C,C,C,0,1,1,0,0,0
ALU_166,1,1,1,0,1,0,1,0,1,1,2,1,1,0,0,1,0,1,0,1,4,A,B,B,A,A,0,2,1,1,2,2
ALU_164,2,1,3,2,1,1,2,2,2,2,2,2,2,2,2,1,2,2,3,3,4,B,B,A,C,B,0,1,1,2,0,1
ALU_200,1,1,1,2,2,2,2,1,1,1,2,0,1,3,1,3,3,3,2,2,5,B,B,B,B,B,0,1,1,1,1,1
ALU_229,0,1,2,2,1,0,1,1,0,1,1,2,1,2,1,2,1,2,1,1,2,AD,A,AD,AD,AD,0,3,2,3,3,3
ALU_075,1,1,2,0,1,1,2,2,1,2,2,2,2,1,2,1,2,2,1,2,7,AD,AD,AD,AD,AD,0,3,3,3,3,3
ALU_479,3,2,1,2,2,1,1,0,1,1,3,2,3,2,2,2,2,1,2,2,10,C,B,C,C,C,2,0,1,0,0,0
ALU_359,3,3,3,3,3,3,2,3,3,3,3,3,2,3,3,2,1,2,3,3,10,A,B,B,C,B,2,2,1,1,0,1
ALU_251,1,1,1,2,1,0,2,2,1,1,1,1,1,0,0,2,1,1,1,2,3,AD,B,A,B,A,1,3,1,2,1,2
ALU_120,1,2,1,0,1,1,0,0,1,0,1,1,1,1,1,0,1,1,1,1,2,AD,AD,AD,AD,AD,0,3,3,3,3,3
ALU_311,1,3,2,2,3,2,2,2,2,2,2,2,1,2,3,2,3,2,2,2,7,AD,B,B,A,A,1,3,1,1,2,2
ALU_300,1,1,1,0,1,1,0,1,2,1,1,0,0,1,0,1,1,1,2,1,6,B,C,A,B,B,1,1,0,2,1,1
ALU_256,3,2,1,2,2,3,3,3,3,2,3,3,2,3,3,2,3,3,3,3,8,B,A,A,A,A,1,1,2,2,2,2
ALU_355,2,3,2,2,2,2,2,3,1,3,3,2,2,2,2,2,2,2,2,2,4,B,A,A,A,A,1,1,2,2,2,2
ALU_400,3,3,2,3,2,2,2,2,3,3,3,2,3,2,3,2,3,3,2,2,9,C,C,C,B,C,2,0,0,0,1,0
ALU_226,1,2,2,1,2,2,1,1,1,2,1,2,1,1,1,1,2,1,1,1,3,AD,A,A,A,A,0,3,2,2,2,2
ALU_354,1,2,1,2,1,2,3,2,2,1,2,0,1,2,1,1,1,1,1,2,9,C,B,C,B,C,1,0,1,0,1,0
ALU_235,0,0,1,0,0,1,0,1,1,1,0,0,0,0,0,0,0,0,0,1,3,A,B,C,B,B,0,2,1,0,1,1
ALU_383,2,1,2,2,1,1,1,1,3,1,2,2,1,2,2,1,2,2,1,1,12,A,B,B,B,B,2,2,1,1,1,1
ALU_275,0,0,0,0,0,1,0,0,0,0,0,0,0,0,0,0,1,1,1,1,8,B,A,A,B,A,1,1,2,2,1,2
ALU_037,1,0,0,0,0,0,0,0,0,1,0,2,1,1,1,1,1,1,2,2,4,A,A,A,A,A,0,2,2,2,2,2
ALU_197,2,3,3,3,3,2,2,2,2,3,2,2,3,2,3,2,1,2,3,2,4,A,A,A,A,A,0,2,2,2,2,2
ALU_140,0,1,1,1,0,0,1,1,0,1,0,0,0,1,0,1,0,0,0,0,2,B,B,A,AD,A,0,1,1,2,3,2
ALU_365,3,2,2,3,2,3,3,3,3,3,3,2,2,3,3,3,2,3,2,2,15,A,A,B,AD,A,2,2,2,1,3,2
ALU_245,0,0,0,0,1,1,1,1,1,0,0,0,0,0,1,1,0,0,1,1,1,B,A,B,A,A,0,1,2,1,2,2
ALU_440,3,2,2,3,3,3,3,3,3,3,2,3,2,2,3,3,3,2,3,3,14,B,A,B,A,A,2,1,2,1,2,2
ALU_287,1,0,0,1,0,1,0,0,2,2,1,0,0,1,1,0,0,1,1,0,6,A,AD,A,AD,A,1,2,3,2,3,2
ALU_060,0,0,0,0,0,0,0,0,0,0,0,0,1,0,0,0,1,0,1,0,1,AD,A,AD,A,A,0,3,2,3,2,2
ALU_112,1,1,1,1,1,1,0,1,1,0,0,0,0,1,1,1,0,0,0,0,1,C,B,B,A,B,0,0,1,1,2,1
ALU_090,1,2,1,2,1,1,2,0,1,1,0,0,1,1,2,1,1,1,1,1,8,C,B,C,B,C,0,0,1,0,1,0
ALU_437,3,1,2,3,3,2,2,1,2,1,2,2,2,2,2,2,3,3,2,3,13,C,C,B,B,C,2,0,0,1,1,0
ALU_007,0,0,0,0,0,0,0,0,0,0,0,0,0,1,0,1,0,0,0,0,7,A,A,A,A,A,0,2,2,2,2,2
ALU_361,3,3,3,2,3,2,3,2,2,3,2,3,2,2,1,2,1,2,2,2,11,C,B,B,B,B,2,0,1,1,1,1
ALU_347,2,1,2,2,1,2,2,2,2,2,2,2,0,2,2,2,1,2,0,2,7,A,A,A,AD,A,1,2,2,2,3,2
ALU_339,0,1,1,1,1,2,2,2,2,2,2,2,3,2,3,0,2,2,1,2,7,B,A,A,B,A,1,1,2,2,1,2
ALU_159,1,0,0,0,1,0,0,1,2,1,1,0,1,1,1,0,0,1,0,2,7,AD,AD,B,AD,A,0,3,3,1,3,2
ALU_151,1,1,1,0,1,1,2,0,2,1,2,0,1,0,0,1,1,0,1,0,2,AD,A,AD,A,A,0,3,2,3,2,2
ALU_178,1,2,1,1,1,1,1,2,2,2,0,1,0,0,1,1,1,0,0,1,8,C,B,B,C,C,0,0,1,1,0,0
ALU_394,3,2,2,2,3,2,3,3,2,2,1,2,2,2,1,2,1,3,2,2,1,AD,A,B,A,A,2,3,2,1,2,2
ALU_185,0,0,1,2,0,0,1,0,0,0,1,0,0,0,0,1,1,0,0,1,6,A,B,AD,B,A,0,2,1,3,1,2
ALU_450,2,3,2,3,3,3,2,3,3,3,3,3,1,3,2,2,3,2,3,2,17,B,B,C,C,C,2,1,1,0,0,0
ALU_011,1,0,2,1,0,0,0,0,0,0,0,0,1,1,0,0,0,0,0,1,4,B,B,A,B,B,0,1,1,2,1,1
ALU_381,3,1,2,2,2,3,3,2,3,2,1,1,2,1,2,3,1,2,1,3,13,A,A,A,A,A,2,2,2,2,2,2
ALU_104,0,1,0,1,0,0,1,0,0,1,1,0,1,0,0,1,2,1,1,1,3,A,A,AD,AD,A,0,2,2,3,3,2
ALU_082,0,1,1,0,0,0,0,0,1,1,1,1,0,1,0,1,0,1,0,1,10,A,B,A,B,A,0,2,1,2,1,2
ALU_039,1,1,1,1,1,1,0,2,0,1,0,1,1,0,1,0,2,0,0,0,1,A,AD,A,A,A,0,2,3,2,2,2
ALU_315,0,0,0,0,0,1,0,2,0,0,0,0,0,1,0,0,0,0,0,0,6,B,A,A,A,A,1,1,2,2,2,2
ALU_168,0,0,0,0,0,1,0,0,1,1,0,0,1,0,1,0,0,1,0,0,2,AD,A,AD,AD,AD,0,3,2,3,3,3
ALU_470,3,2,3,1,3,3,2,2,2,1,2,3,2,3,2,3,3,3,3,3,14,B,B,B,C,B,2,1,1,1,0,1
ALU_297,1,2,2,3,2,3,2,2,3,2,2,3,2,2,3,2,3,3,3,3,5,A,AD,B,B,A,1,2,3,1,1,2
ALU_475,2,3,2,2,2,1,2,2,2,3,2,3,3,3,3,3,2,3,3,3,15,B,B,B,C,B,2,1,1,1,0,1
ALU_199,0,1,0,0,1,0,0,1,1,1,1,1,0,1,1,0,0,0,1,1,4,B,A,A,A,A,0,1,2,2,2,2
ALU_298,0,1,2,1,0,1,1,1,1,1,2,1,2,2,1,2,2,1,1,1,8,B,C,B,C,C,1,1,0,1,0,0
ALU_417,3,2,3,3,3,3,3,2,2,3,2,2,3,3,2,3,3,2,3,3,13,C,C,C,C,C,2,0,0,0,0,0
ALU_147,1,2,2,2,3,2,2,1,2,2,2,2,2,2,3,2,2,3,3,2,1,B,A,B,A,A,0,1,2,1,2,2
ALU_393,2,2,2,3,3,2,2,2,2,2,2,3,2,3,2,2,2,1,3,2,3,A,B,A,B,A,2,2,1,2,1,2
ALU_148,0,0,1,0,1,1,1,0,1,1,1,1,1,1,0,0,0,1,0,1,20,B,C,C,C,C,0,1,0,0,0,0
ALU_448,2,2,1,1,0,2,2,2,3,2,2,2,2,2,3,3,2,3,1,2,13,A,A,B,C,B,2,2,2,1,0,1
ALU_288,0,0,0,0,0,2,1,1,1,0,1,0,0,1,0,0,1,0,1,1,5,B,B,B,A,B,1,1,1,1,2,1
ALU_124,1,1,0,0,1,0,1,1,2,1,0,0,0,0,0,0,1,0,0,0,1,A,A,B,A,A,0,2,2,1,2,2
ALU_369,3,2,3,3,3,2,3,2,3,3,3,3,3,3,3,3,2,2,3,3,8,B,C,B,B,B,2,1,0,1,1,1
ALU_097,0,0,1,1,1,1,2,1,2,1,0,1,0,1,2,1,1,2,2,1,3,AD,A,B,B,A,0,3,2,1,1,2
ALU_144,1,1,1,1,1,1,1,0,0,0,0,0,1,1,1,1,2,1,1,2,4,AD,AD,A,AD,AD,0,3,3,2,3,3
ALU_240,1,2,2,1,2,2,1,0,1,2,1,0,1,1,1,1,2,0,1,1,2,A,B,A,A,A,0,2,1,2,2,2
ALU_443,3,3,2,2,3,3,2,2,1,3,2,3,2,2,2,3,3,3,2,2,16,A,AD,B,A,A,2,2,3,1,2,2
ALU_098,2,1,1,1,2,2,1,2,0,1,1,1,2,3,1,1,1,2,1,2,5,AD,A,A,AD,A,0,3,2,2,3,2
ALU_408,2,3,2,2,3,3,2,3,3,3,2,2,3,3,2,2,2,3,2,2,13,B,A,B,B,B,2,1,2,1,1,1
ALU_123,2,2,2,2,0,1,1,2,2,2,3,2,2,1,2,3,2,2,2,1,2,AD,B,A,AD,A,0,3,1,2,3,2
ALU_184,1,0,2,1,1,1,1,2,1,1,1,2,1,2,2,0,2,1,0,0,0,B,B,A,A,A,0,1,1,2,2,2
ALU_203,2,2,3,2,2,2,1,3,2,1,2,1,3,1,2,2,0,2,2,1,2,A,A,B,A,A,0,2,2,1,2,2
ALU_247,1,1,3,2,2,2,1,2,1,2,2,2,1,1,2,2,1,1,2,0,8,B,B,C,C,C,0,1,1,0,0,0
ALU_306,1,2,2,0,2,1,2,2,2,2,1,1,1,1,1,1,2,2,1,2,9,A,A,A,AD,A,1,2,2,2,3,2
ALU_299,1,0,0,0,1,0,0,1,2,1,1,2,0,1,2,2,2,1,1,1,7,A,AD,AD,AD,AD,1,2,3,3,3,3
ALU_352,2,1,2,2,1,3,2,3,1,2,2,1,0,2,2,1,3,1,1,1,7,B,A,A,B,A,1,1,2,2,1,2
ALU_387,3,3,3,2,1,2,3,3,3,3,3,2,2,3,2,2,1,2,3,2,16,B,B,C,C,C,2,1,1,0,0,0
ALU_396,3,3,3,3,3,2,3,3,3,2,3,3,3,2,3,3,3,3,2,2,5,A,B,C,B,B,2,2,1,0,1,1
ALU_285,1,1,1,1,0,3,3,3,1,2,2,1,2,2,2,0,2,2,2,2,6,B,A,A,A,A,1,1,2,2,2,2
ALU_126,1,1,0,1,0,1,2,1,1,0,2,1,0,1,1,1,1,1,1,1,2,A,A,AD,A,A,0,2,2,3,2,2
ALU_303,0,1,1,1,1,3,3,3,2,3,2,3,3,2,2,3,1,2,2,2,4,B,B,B,B,B,1,1,1,1,1,1
ALU_224,2,2,1,0,2,0,0,0,0,0,0,0,1,0,0,0,1,1,0,1,3,A,AD,AD,B,A,0,2,3,3,1,2
ALU_419,1,2,1,1,2,1,1,3,1,1,3,2,3,1,1,2,1,1,2,2,15,B,B,C,C,C,2,1,1,0,0,0
ALU_220,2,3,2,2,2,2,1,2,1,1,3,1,2,2,1,2,2,1,1,1,7,C,B,B,C,C,0,0,1,1,0,0
ALU_130,0,0,0,0,0,1,0,0,1,1,0,0,0,1,1,0,2,1,1,1,10,C,C,B,A,B,0,0,0,1,2,1
ALU_421,1,1,0,0,1,0,0,2,1,1,1,1,1,1,0,0,1,2,2,1,3,B,B,A,B,B,2,1,1,2,1,1
ALU_290,2,2,1,1,1,3,3,3,2,2,3,2,2,3,3,2,2,2,3,1,8,A,A,B,A,A,1,2,2,1,2,2
ALU_445,3,3,2,2,2,3,2,1,3,1,2,2,2,2,2,3,3,2,2,3,13,B,C,C,B,C,2,1,0,0,1,0
ALU_377,2,2,2,1,1,1,2,2,1,1,1,3,1,2,1,2,2,1,2,3,12,A,A,A,A,A,2,2,2,2,2,2
ALU_292,1,0,2,1,2,1,0,1,1,1,1,1,2,0,0,1,1,1,1,1,4,B,C,A,B,B,1,1,0,2,1,1
ALU_356,0,0,1,0,0,1,2,3,3,1,1,0,0,0,0,0,1,1,1,0,5,B,C,B,A,B,1,1,0,1,2,1
ALU_295,1,1,2,2,0,0,2,1,1,2,2,2,1,1,2,2,2,1,1,1,10,B,A,B,C,B,1,1,2,1,0,1
ALU_397,3,3,3,2,3,3,3,3,3,3,3,3,3,2,3,3,3,3,3,2,16,A,A,B,AD,A,2,2,2,1,3,2
ALU_341,2,2,3,2,3,2,3,2,3,3,2,2,2,3,3,2,2,3,1,2,5,C,B,C,C,C,1,0,1,0,0,0
ALU_113,1,0,1,1,1,1,1,0,1,2,0,2,0,1,0,0,1,0,2,1,12,B,B,C,C,C,0,1,1,0,0,0
ALU_180,1,0,2,1,1,0,0,0,0,0,0,0,0,0,0,0,0,1,0,0,6,A,A,B,B,A,0,2,2,1,1,2
ALU_308,0,1,1,2,2,2,2,3,1,1,1,2,1,2,2,1,2,0,1,1,3,A,B,B,A,A,1,2,1,1,2,2
ALU_433,1,2,1,1,1,2,1,1,2,1,1,1,2,2,1,1,1,1,2,1,15,B,A,A,B,A,2,1,2,2,1,2
ALU_488,3,3,3,3,3,3,3,3,3,3,3,2,2,3,3,2,3,3,3,3,18,B,C,B,C,C,2,1,0,1,0,0
ALU_482,3,2,1,3,3,3,3,3,3,2,3,1,3,3,3,2,2,2,3,3,11,C,B,B,A,B,2,0,1,1,2,1
ALU_423,1,2,1,1,1,2,2,2,1,2,2,3,2,2,2,2,2,2,1,3,18,C,B,B,C,C,2,0,1,1,0,0
ALU_234,1,2,2,0,2,1,2,1,2,1,1,3,1,2,1,1,0,2,1,1,3,A,A,A,A,A,0,2,2,2,2,2
ALU_312,2,2,1,2,1,2,1,2,2,1,1,1,1,2,3,2,2,2,1,0,4,A,A,A,A,A,1,2,2,2,2,2
ALU_165,1,1,2,0,1,1,0,1,1,0,1,1,1,2,2,3,2,1,2,1,4,A,A,AD,A,A,0,2,2,3,2,2
ALU_137,0,0,0,0,0,1,0,1,0,0,1,0,0,1,0,0,2,1,1,0,1,A,AD,AD,A,A,0,2,3,3,2,2
ALU_198,1,1,0,1,1,1,1,1,1,0,0,1,1,1,0,0,0,1,0,0,1,A,A,A,AD,A,0,2,2,2,3,2
ALU_259,0,1,1,2,1,2,2,3,2,2,1,1,1,2,1,1,2,1,1,1,5,A,A,AD,A,A,1,2,2,3,2,2
ALU_233,2,1,3,2,2,1,1,0,1,1,2,1,1,2,1,2,1,1,1,0,9,B,B,C,C,C,0,1,1,0,0,0
ALU_116,0,1,1,0,0,1,1,0,0,1,1,0,0,1,0,1,0,0,0,1,1,A,A,A,A,A,0,2,2,2,2,2
ALU_121,0,0,0,0,0,0,0,1,1,1,0,0,0,1,0,1,0,0,0,0,1,C,C,B,C,C,0,0,0,1,0,0
ALU_350,1,2,1,1,2,2,1,2,1,1,1,2,0,0,2,1,2,2,2,2,3,C,B,C,B,C,1,0,1,0,1,0
ALU_225,0,1,1,0,0,1,1,1,1,0,1,2,1,1,2,0,1,1,1,1,1,AD,AD,AD,AD,AD,0,3,3,3,3,3
ALU_403,2,3,2,1,2,1,1,2,1,1,3,1,1,2,1,3,1,1,2,1,16,A,B,B,C,B,2,2,1,1,0,1
ALU_398,2,3,3,3,2,3,2,3,3,3,3,3,3,3,3,3,3,3,3,3,4,AD,AD,A,AD,AD,2,3,3,2,3,3
ALU_128,1,0,0,0,0,1,1,0,1,0,0,2,1,0,0,1,1,1,1,0,7,C,A,C,A,B,0,0,2,0,2,1
ALU_286,0,0,0,0,1,2,1,1,1,1,1,0,1,1,0,1,1,0,1,1,5,AD,AD,A,B,A,1,3,3,2,1,2
ALU_412,2,2,1,2,2,3,3,3,2,3,3,2,3,1,1,1,1,2,2,2,11,C,B,C,B,C,2,0,1,0,1,0
ALU_108,0,0,0,2,1,0,0,1,1,0,1,0,1,1,1,0,1,1,2,0,5,AD,AD,AD,AD,AD,0,3,3,3,3,3
ALU_371,3,3,2,3,1,3,2,2,2,3,3,3,3,3,3,3,2,3,2,3,16,B,A,B,B,B,2,1,2,1,1,1
ALU_326,1,2,0,1,0,1,2,1,2,1,2,2,1,2,1,2,1,1,1,1,11,B,A,C,B,B,1,1,2,0,1,1
ALU_134,2,0,2,0,0,1,1,1,1,0,1,1,1,0,0,1,1,1,1,0,11,B,A,C,B,B,0,1,2,0,1,1
ALU_453,3,3,3,3,3,3,3,3,3,3,3,3,3,2,3,3,3,3,3,2,16,B,A,B,A,A,2,1,2,1,2,2
ALU_045,0,1,1,0,0,1,0,0,0,0,0,1,0,1,0,1,0,0,0,0,4,A,AD,AD,AD,AD,0,2,3,3,3,3
ALU_461,2,1,2,1,1,3,2,3,2,2,2,3,2,3,2,3,2,3,1,2,13,B,B,B,C,B,2,1,1,1,0,1
ALU_066,0,0,0,0,0,0,1,0,1,0,0,0,0,0,1,0,0,0,0,1,4,AD,AD,AD,AD,AD,0,3,3,3,3,3
ALU_284,0,0,1,0,0,0,1,0,0,1,0,0,2,0,0,0,0,0,0,1,5,B,B,C,C,C,1,1,1,0,0,0
ALU_086,0,1,1,1,1,2,3,2,1,3,2,2,2,2,0,2,1,1,1,2,2,A,A,A,AD,A,0,2,2,2,3,2
ALU_243,1,1,0,0,0,0,1,1,1,1,1,2,1,1,1,1,1,0,1,1,2,A,A,A,AD,A,0,2,2,2,3,2
ALU_187,2,1,2,1,1,2,1,0,1,0,0,1,0,2,1,2,1,0,0,0,1,B,A,A,B,A,0,1,2,2,1,2
ALU_384,2,2,3,3,2,2,3,1,1,2,2,1,2,1,2,3,3,3,2,2,19,A,B,C,A,B,2,2,1,0,2,1
ALU_160,0,0,1,1,0,1,1,0,1,0,2,1,0,0,0,0,1,0,0,0,6,A,AD,A,AD,A,0,2,3,2,3,2
ALU_013,0,0,0,0,0,1,0,1,0,2,0,0,0,0,1,0,0,0,1,1,5,A,A,B,B,A,0,2,2,1,1,2
ALU_036,1,1,1,0,1,0,1,2,3,1,0,0,1,0,0,1,1,0,1,0,1,A,AD,AD,AD,AD,0,2,3,3,3,3
ALU_029,0,0,1,1,1,1,1,1,1,2,2,2,2,0,1,0,1,2,0,1,1,A,A,B,A,A,0,2,2,1,2,2
ALU_171,0,0,1,1,1,0,0,0,0,0,1,1,0,0,1,1,1,0,1,0,4,A,AD,C,A,A,0,2,3,0,2,2
ALU_143,1,1,1,0,1,1,0,0,1,0,0,1,1,1,1,1,1,1,0,0,2,B,A,AD,A,A,0,1,2,3,2,2
ALU_399,3,3,3,3,2,3,3,2,3,3,3,3,3,2,3,3,3,2,2,2,11,AD,A,A,A,A,2,3,2,2,2,2
ALU_343,2,2,3,3,2,3,2,3,2,2,3,2,2,2,2,2,3,3,3,3,6,B,B,A,C,B,1,1,1,2,0,1
ALU_222,1,0,1,0,1,0,0,0,1,1,1,1,1,1,0,1,1,0,0,0,4,AD,AD,AD,AD,AD,0,3,3,3,3,3
ALU_096,1,1,2,1,0,1,2,1,1,0,1,1,1,1,0,1,1,0,1,1,2,A,A,A,AD,A,0,2,2,2,3,2
ALU_052,1,0,1,0,1,2,0,1,1,1,0,1,1,1,1,1,0,0,0,0,10,B,B,B,C,B,0,1,1,1,0,1
ALU_241,1,1,1,1,0,0,1,1,1,0,1,1,1,1,1,2,2,2,1,1,14,C,C,B,B,C,0,0,0,1,1,0
ALU_485,3,2,2,3,2,3,3,3,3,2,2,2,3,3,3,2,2,2,3,3,13,C,C,C,C,C,2,0,0,0,0,0
ALU_379,2,2,2,2,2,1,2,2,2,3,2,2,2,2,2,2,2,1,1,2,16,B,A,B,A,A,2,1,2,1,2,2
ALU_179,0,1,1,1,1,0,0,0,1,1,1,1,1,0,0,1,0,1,1,1,4,AD,AD,AD,A,AD,0,3,3,3,2,3
ALU_042,1,0,0,0,0,2,0,0,0,1,1,0,1,1,0,0,0,0,0,0,3,A,A,AD,A,A,0,2,2,3,2,2
ALU_499,2,3,2,2,2,2,3,2,2,2,1,1,1,1,1,1,1,1,1,2,12,B,B,B,B,B,2,1,1,1,1,1
ALU_422,2,3,3,1,3,2,3,3,2,3,2,2,3,3,3,3,3,3,3,3,14,B,B,B,B,B,2,1,1,1,1,1
ALU_207,0,1,0,1,1,0,0,1,0,0,2,1,2,0,2,1,1,2,0,1,8,B,B,C,B,B,0,1,1,0,1,1
ALU_283,2,1,2,3,1,2,2,1,2,1,2,3,1,1,1,2,2,1,1,2,8,A,A,B,B,A,1,2,2,1,1,2
ALU_255,3,3,3,2,1,2,3,3,2,2,1,1,2,2,2,3,1,2,2,2,9,AD,A,AD,AD,AD,1,3,2,3,3,3
ALU_413,3,3,2,2,2,2,2,1,2,2,1,3,2,2,2,3,2,2,3,2,4,AD,AD,A,AD,AD,2,3,3,2,3,3
ALU_005,0,0,2,1,1,0,0,0,0,0,0,0,0,0,1,0,1,0,1,0,11,C,B,C,C,C,0,0,1,0,0,0
ALU_257,0,0,0,1,0,1,1,1,1,1,0,0,1,0,1,1,1,0,1,1,2,A,C,C,B,B,1,2,0,0,1,1
ALU_449,1,3,2,3,1,3,1,2,2,2,3,2,2,2,2,3,3,1,3,2,11,C,B,C,C,C,2,0,1,0,0,0
ALU_101,0,0,0,0,1,0,0,0,0,0,1,0,0,1,1,0,1,0,0,0,5,A,A,A,A,A,0,2,2,2,2,2
ALU_227,2,1,0,2,1,2,2,3,1,1,2,2,1,0,2,3,1,1,1,2,3,AD,A,AD,AD,AD,0,3,2,3,3,3
ALU_430,3,3,3,3,3,3,3,3,3,3,2,3,3,2,2,1,3,2,2,2,10,B,B,B,B,B,2,1,1,1,1,1
ALU_214,1,2,2,1,0,0,0,0,0,0,1,0,0,1,1,1,1,0,1,1,0,A,A,B,B,A,0,2,2,1,1,2
ALU_172,1,1,1,2,1,1,2,1,2,1,2,2,1,1,1,0,1,1,3,2,2,A,B,AD,B,A,0,2,1,3,1,2
ALU_099,1,1,0,1,1,0,0,0,0,0,1,1,1,0,1,0,1,1,0,1,8,A,B,C,C,B,0,2,1,0,0,1
ALU_293,0,2,2,2,2,1,2,1,2,2,3,1,1,2,2,2,2,2,2,3,4,B,A,B,B,B,1,1,2,1,1,1
ALU_216,0,0,0,1,0,1,0,1,1,0,0,1,0,0,0,0,0,0,1,0,8,C,C,C,C,C,0,0,0,0,0,0
ALU_062,2,2,2,1,1,1,2,1,2,1,2,1,1,2,1,1,1,1,1,2,1,A,AD,A,B,A,0,2,3,2,1,2
ALU_048,1,1,0,0,2,1,0,1,1,0,1,1,1,1,1,2,1,2,0,1,9,C,C,C,B,C,0,0,0,0,1,0
ALU_033,3,3,3,3,2,3,3,2,2,2,2,3,3,3,3,2,3,2,3,3,4,A,A,A,A,A,0,2,2,2,2,2
ALU_268,1,1,1,1,0,1,2,1,1,1,2,2,0,2,2,1,1,1,1,1,6,B,A,A,C,B,1,1,2,2,0,1
ALU_328,0,0,0,0,0,0,1,0,0,0,0,0,1,0,0,0,1,0,0,1,6,A,A,AD,C,A,1,2,2,3,0,2
ALU_201,1,1,1,0,0,1,0,1,1,0,0,0,0,0,0,0,1,0,0,0,7,C,C,C,B,C,0,0,0,0,1,0
ALU_447,2,3,2,2,3,2,3,3,3,3,3,3,3,2,2,2,2,3,3,2,9,B,B,B,C,B,2,1,1,1,0,1
ALU_028,1,2,2,2,2,1,2,1,2,1,0,2,1,1,1,2,2,0,2,1,4,AD,AD,A,AD,AD,0,3,3,2,3,3
ALU_425,2,2,2,2,3,3,3,3,3,3,1,1,3,2,2,3,2,2,3,2,9,B,B,C,B,B,2,1,1,0,1,1
ALU_231,1,0,0,0,1,1,1,1,2,2,1,1,1,1,1,1,1,1,1,0,2,AD,AD,A,AD,AD,0,3,3,2,3,3
ALU_261,3,2,2,2,2,3,3,3,2,3,3,3,2,3,3,3,3,3,2,3,4,A,A,A,AD,A,1,2,2,2,3,2
ALU_289,0,1,0,2,0,1,1,1,1,1,0,1,0,1,1,1,0,0,0,1,7,C,C,A,C,C,1,0,0,2,0,0
ALU_163,1,1,0,0,1,0,1,1,0,0,0,1,0,1,0,1,0,1,0,1,1,B,B,B,B,B,0,1,1,1,1,1
ALU_426,3,2,2,3,2,2,2,2,3,1,1,2,1,1,2,2,2,1,2,2,21,C,C,C,C,C,2,0,0,0,0,0
ALU_139,1,1,1,3,2,1,1,2,1,2,2,2,1,2,1,1,1,2,1,1,5,C,B,C,B,C,0,0,1,0,1,0
ALU_063,2,1,1,1,1,2,0,1,1,0,2,1,1,1,0,1,1,2,2,0,2,AD,A,AD,A,A,0,3,2,3,2,2
ALU_136,0,1,0,0,0,0,0,0,0,0,0,0,0,1,1,1,0,0,2,1,2,A,B,B,B,B,0,2,1,1,1,1
ALU_129,2,2,1,0,1,0,1,1,1,1,2,1,1,1,2,2,1,2,1,1,5,AD,B,A,B,A,0,3,1,2,1,2
ALU_477,3,3,3,3,3,2,3,2,3,3,1,3,3,3,3,2,3,3,3,2,8,A,B,A,B,A,2,2,1,2,1,2
ALU_009,1,1,0,1,0,1,1,1,1,0,2,2,1,0,1,1,1,1,1,2,4,AD,AD,AD,A,AD,0,3,3,3,2,3
ALU_327,2,1,2,2,3,2,2,2,3,3,3,3,3,2,2,3,2,1,3,2,5,A,A,A,A,A,1,2,2,2,2,2
ALU_464,3,3,3,3,2,3,3,2,3,2,3,3,3,3,3,3,2,3,3,2,14,B,A,A,B,A,2,1,2,2,1,2
ALU_065,0,0,0,0,0,0,1,0,1,2,1,0,0,1,1,0,0,1,0,0,12,C,C,C,C,C,0,0,0,0,0,0
ALU_301,0,1,0,1,1,1,0,0,0,0,0,0,0,1,0,0,0,1,0,0,12,B,A,B,A,A,1,1,2,1,2,2
ALU_015,0,0,0,0,0,0,0,0,0,1,1,1,0,0,1,0,1,0,1,1,9,C,C,C,B,C,0,0,0,0,1,0
ALU_157,1,1,1,2,1,0,1,2,1,2,1,2,0,1,1,1,1,2,0,1,6,A,B,B,B,B,0,2,1,1,1,1
ALU_041,0,1,1,0,1,0,0,1,1,1,2,0,1,1,1,1,1,0,1,0,5,B,A,A,A,A,0,1,2,2,2,2
ALU_380,2,3,3,3,1,3,1,2,1,2,3,2,3,2,2,2,2,2,2,3,16,B,B,B,A,B,2,1,1,1,2,1
ALU_469,1,1,2,2,2,3,2,1,2,3,1,1,2,1,2,1,2,1,2,0,16,C,B,B,B,B,2,0,1,1,1,1
ALU_404,3,3,3,1,3,2,2,2,2,3,2,2,2,2,2,3,3,3,3,3,17,A,A,A,B,A,2,2,2,2,1,2
ALU_217,0,0,0,0,0,0,0,1,1,1,1,1,0,0,0,1,0,1,0,0,2,A,AD,AD,AD,AD,0,2,3,3,3,3
ALU_280,1,0,1,2,2,2,3,2,2,1,1,2,1,1,3,1,2,1,2,2,5,A,B,A,A,A,1,2,1,2,2,2
ALU_435,2,1,2,1,1,2,2,2,2,1,2,1,2,0,2,1,2,2,1,1,23,B,B,A,C,B,2,1,1,2,0,1
ALU_431,2,3,2,1,2,2,0,1,0,1,1,1,1,1,2,1,1,2,1,0,12,C,C,C,C,C,2,0,0,0,0,0
ALU_338,0,1,2,1,1,2,1,1,1,1,1,2,2,1,2,2,2,1,2,1,3,B,B,A,B,B,1,1,1,2,1,1
ALU_237,1,1,0,0,0,1,2,0,1,2,0,2,0,1,1,1,1,1,0,0,3,A,AD,AD,AD,AD,0,2,3,3,3,3
ALU_208,0,0,0,1,0,1,0,0,0,0,1,0,1,0,0,1,0,0,0,0,3,AD,A,AD,B,A,0,3,2,3,1,2
ALU_213,2,1,2,2,1,0,1,1,0,2,2,2,1,2,1,2,1,2,1,0,4,B,AD,A,A,A,0,1,3,2,2,2
ALU_296,2,0,1,1,2,2,3,1,1,2,2,1,1,2,2,3,2,3,2,2,7,A,B,A,B,A,1,2,1,2,1,2
ALU_458,2,1,1,2,3,2,3,2,3,3,2,2,2,2,2,3,1,3,3,2,3,AD,AD,A,AD,AD,2,3,3,2,3,3
ALU_252,2,1,2,1,2,2,1,2,2,2,1,2,2,2,2,2,3,1,2,3,4,AD,B,B,B,A,1,3,1,1,1,2
ALU_489,2,2,2,0,0,2,2,2,2,3,2,1,2,2,2,2,2,1,2,2,20,B,B,B,A,B,2,1,1,1,2,1
ALU_487,3,3,2,2,3,3,1,2,3,3,2,3,3,2,3,3,3,3,2,2,11,A,C,A,A,A,2,2,0,2,2,2
ALU_304,1,0,1,2,1,1,1,1,1,1,1,2,1,2,1,1,1,0,1,1,3,AD,AD,A,A,A,1,3,3,2,2,2
ALU_351,0,1,2,2,1,2,1,2,1,1,2,0,1,3,2,1,2,2,1,3,3,AD,A,A,A,A,1,3,2,2,2,2
ALU_270,2,2,1,2,2,3,3,3,3,3,3,2,2,3,3,3,3,3,3,2,4,A,A,AD,AD,A,1,2,2,3,3,2
ALU_202,1,1,1,1,0,0,1,0,1,0,0,0,1,1,1,1,0,0,1,0,1,AD,AD,AD,AD,AD,0,3,3,3,3,3
ALU_162,1,2,2,2,1,1,1,0,1,0,1,1,1,1,2,1,1,0,1,1,3,A,B,A,A,A,0,2,1,2,2,2
ALU_044,1,1,2,0,0,1,1,0,0,1,1,2,1,1,0,0,1,1,0,0,3,A,B,B,B,B,0,2,1,1,1,1
ALU_218,2,1,3,2,2,0,1,1,2,1,2,2,2,2,2,2,2,2,0,2,3,B,A,A,A,A,0,1,2,2,2,2
ALU_402,1,2,1,2,1,2,3,2,1,2,2,3,2,2,2,1,2,2,1,2,10,A,B,B,A,A,2,2,1,1,2,2
ALU_191,0,1,0,0,0,0,1,0,0,0,0,1,0,1,0,1,0,1,1,0,6,A,A,B,C,B,0,2,2,1,0,1
ALU_310,2,2,3,2,1,3,3,2,2,3,1,2,1,2,2,1,2,2,2,2,5,B,A,B,A,A,1,1,2,1,2,2
ALU_260,0,2,3,2,2,1,2,3,2,1,2,3,2,1,1,2,1,2,2,2,10,B,B,C,A,B,1,1,1,0,2,1
ALU_106,1,0,1,1,0,0,1,0,0,2,0,1,1,1,1,1,1,1,1,0,9,B,C,C,C,C,0,1,0,0,0,0
ALU_054,0,1,0,0,0,0,0,0,0,0,1,1,0,1,1,0,0,0,0,0,4,A,A,A,B,A,0,2,2,2,1,2
ALU_390,2,3,3,3,3,1,2,3,3,2,3,3,3,2,3,2,3,3,3,3,10,B,B,B,B,B,2,1,1,1,1,1
ALU_002,1,1,1,1,1,1,1,2,3,2,1,3,2,2,2,2,1,1,2,2,1,AD,A,AD,AD,AD,0,3,2,3,3,3
ALU_442,3,2,2,1,2,3,2,1,3,2,3,2,3,2,2,3,3,2,2,3,3,AD,AD,AD,AD,AD,2,3,3,3,3,3
ALU_483,3,3,2,2,3,2,3,2,2,2,2,2,2,3,2,2,3,2,2,3,2,A,AD,AD,AD,AD,2,2,3,3,3,3
ALU_050,1,1,1,2,1,2,1,2,2,0,2,1,2,1,1,2,0,0,1,1,3,AD,A,A,A,A,0,3,2,2,2,2
ALU_420,0,1,1,1,1,1,1,1,0,1,1,1,1,1,1,0,0,1,1,1,10,A,C,B,A,B,2,2,0,1,2,1
ALU_081,0,0,0,1,0,0,1,0,1,0,1,0,0,0,0,0,0,1,0,0,5,B,A,AD,A,A,0,1,2,3,2,2
ALU_206,1,0,1,0,0,0,2,0,0,0,1,1,1,0,0,0,0,1,1,0,2,A,B,B,B,B,0,2,1,1,1,1
ALU_035,2,1,1,1,2,2,0,2,2,1,1,0,1,1,0,1,0,1,0,1,0,AD,A,A,A,A,0,3,2,2,2,2
ALU_264,0,1,1,0,0,1,1,2,2,2,0,1,2,2,1,1,1,1,1,1,4,A,B,A,A,A,1,2,1,2,2,2
ALU_428,1,1,1,2,2,1,3,0,2,3,2,2,1,2,3,3,2,2,1,2,15,B,C,B,C,C,2,1,0,1,0,0
ALU_367,3,1,1,2,2,1,2,3,2,2,2,3,3,2,2,2,2,2,1,3,10,B,B,B,B,B,2,1,1,1,1,1
ALU_092,0,0,1,1,1,2,1,1,0,1,0,0,0,1,2,0,1,1,1,1,4,A,B,A,A,A,0,2,1,2,2,2
ALU_340,0,0,0,0,1,0,0,1,0,0,1,1,0,1,2,0,0,1,1,1,13,A,A,AD,AD,A,1,2,2,3,3,2
ALU_474,2,3,1,3,3,3,3,3,3,2,3,3,2,3,3,3,3,3,2,2,17,C,C,C,C,C,2,0,0,0,0,0
ALU_053,0,1,0,0,0,0,1,0,1,1,0,2,0,0,0,0,1,0,0,1,1,B,A,A,B,A,0,1,2,2,1,2
ALU_346,1,1,0,1,2,1,2,2,2,2,2,2,2,1,2,1,1,1,1,0,9,B,A,AD,B,A,1,1,2,3,1,2
ALU_265,2,1,2,2,1,1,0,1,2,1,1,2,1,0,1,0,1,1,0,0,7,AD,B,C,B,B,1,3,1,0,1,1
ALU_242,1,1,2,1,1,0,0,2,1,2,0,1,1,2,2,1,1,1,1,1,2,A,B,B,A,A,0,2,1,1,2,2
ALU_014,1,1,0,2,1,0,1,1,0,0,1,2,1,2,2,1,2,1,1,2,8,B,C,C,C,C,0,1,0,0,0,0
ALU_316,1,2,1,1,1,2,2,2,2,1,3,2,2,3,3,3,3,2,2,3,9,B,B,B,A,B,1,1,1,1,2,1
ALU_089,0,0,0,0,0,0,1,0,0,1,0,0,0,1,0,0,0,0,1,0,2,A,B,A,AD,A,0,2,1,2,3,2
ALU_388,1,2,2,2,1,2,3,2,3,2,1,2,1,3,1,1,1,1,2,1,22,B,B,B,B,B,2,1,1,1,1,1
ALU_274,1,2,3,3,1,3,3,2,3,3,2,3,2,2,2,3,2,2,2,2,7,B,A,B,A,A,1,1,2,1,2,2
ALU_167,1,3,1,2,0,1,1,1,3,2,2,2,2,1,1,1,1,1,2,1,3,B,B,A,B,B,0,1,1,2,1,1
ALU_329,1,2,1,2,1,2,3,2,2,1,1,0,1,2,1,2,1,2,1,1,3,AD,A,B,A,A,1,3,2,1,2,2
ALU_493,3,3,3,2,2,2,2,2,3,3,3,3,3,3,3,3,2,3,3,3,5,AD,A,A,B,A,2,3,2,2,1,2
ALU_135,1,0,0,2,0,0,2,1,1,1,0,2,0,0,0,0,0,0,0,0,7,B,B,C,B,B,0,1,1,0,1,1
ALU_307,2,2,2,1,1,2,1,1,2,3,2,0,2,0,1,1,2,1,2,1,7,A,B,B,B,B,1,2,1,1,1,1
ALU_481,2,1,2,3,2,2,2,1,1,2,1,3,3,3,2,1,2,2,2,1,10,A,B,B,B,B,2,2,1,1,1,1
ALU_320,1,1,2,1,1,1,0,0,2,0,1,0,0,1,0,0,0,0,0,0,7,B,B,B,B,B,1,1,1,1,1,1
ALU_244,0,0,0,0,0,0,1,0,1,1,0,0,0,1,0,1,1,0,0,0,1,A,AD,B,B,A,0,2,3,1,1,2
ALU_055,0,0,0,0,1,1,1,0,1,1,1,0,0,1,1,0,1,1,0,0,6,B,AD,AD,B,A,0,1,3,3,1,2
ALU_364,2,3,2,1,3,2,2,1,1,1,3,3,2,2,3,3,3,2,3,2,16,B,A,B,B,B,2,1,2,1,1,1
ALU_051,1,1,2,2,2,1,2,2,2,2,0,2,2,2,0,2,2,2,1,2,2,A,A,A,A,A,0,2,2,2,2,2
ALU_457,3,2,3,3,3,2,3,3,2,3,3,2,3,2,3,3,3,2,3,3,7,B,B,B,A,B,2,1,1,1,2,1
ALU_175,0,0,0,0,0,1,1,1,1,1,2,1,1,0,0,0,0,1,1,0,1,AD,B,A,B,A,0,3,1,2,1,2
ALU_446,1,1,0,2,0,1,1,2,1,1,2,2,3,2,1,1,1,1,0,1,14,A,B,B,B,B,2,2,1,1,1,1
ALU_190,1,1,0,1,1,1,1,1,1,1,1,1,2,2,1,1,1,1,1,1,1,A,A,AD,AD,A,0,2,2,3,3,2
ALU_497,2,2,2,2,3,2,1,3,1,2,1,2,1,2,1,2,1,1,1,2,11,C,B,C,C,C,2,0,1,0,0,0
ALU_188,0,0,1,0,1,0,1,0,0,0,1,0,0,0,1,0,0,1,1,0,7,B,B,C,B,B,0,1,1,0,1,1
ALU_170,1,0,2,2,1,2,2,2,1,1,2,2,3,1,2,2,1,2,2,1,5,B,B,A,B,B,0,1,1,2,1,1
ALU_059,2,0,1,0,0,1,1,2,2,1,1,1,1,1,1,1,1,2,2,2,2,A,B,A,B,A,0,2,1,2,1,2
ALU_049,0,1,0,0,0,1,0,0,0,0,0,0,1,0,0,0,0,0,0,0,1,A,A,AD,A,A,0,2,2,3,2,2
ALU_345,0,0,0,0,0,0,0,0,0,1,0,0,0,0,0,0,0,0,0,0,4,AD,A,A,B,A,1,3,2,2,1,2
ALU_236,2,2,2,2,1,1,3,3,2,1,0,1,0,0,0,0,0,2,1,2,2,B,B,B,A,B,0,1,1,1,2,1
ALU_253,2,3,1,2,2,2,3,2,2,3,2,2,2,2,1,2,1,3,2,2,6,A,B,B,B,B,1,2,1,1,1,1
ALU_022,0,0,1,0,1,1,0,1,1,0,1,0,1,1,0,0,1,1,0,0,1,AD,AD,AD,AD,AD,0,3,3,3,3,3
ALU_314,3,3,2,2,1,3,3,3,2,2,3,3,2,3,3,2,2,1,2,2,8,C,C,C,C,C,1,0,0,0,0,0
ALU_460,3,3,3,2,3,2,3,3,2,3,2,3,2,2,2,3,1,2,3,3,2,AD,B,A,B,A,2,3,1,2,1,2
ALU_161,1,1,0,1,1,2,2,1,1,1,1,1,2,1,2,1,1,2,1,2,1,AD,AD,A,AD,AD,0,3,3,2,3,3
ALU_277,3,2,3,2,3,3,3,3,2,3,2,2,3,1,2,2,3,3,3,3,8,B,A,A,B,A,1,1,2,2,1,2
ALU_444,2,3,2,2,1,2,2,2,1,2,2,3,3,1,2,3,2,2,1,3,2,A,B,B,A,A,2,2,1,1,2,2
ALU_192,0,1,2,0,0,0,0,1,0,0,1,1,2,0,1,0,1,1,0,1,10,B,B,B,C,B,0,1,1,1,0,1
ALU_386,2,3,3,2,2,2,2,2,3,2,3,2,1,2,3,2,1,3,2,2,21,C,B,C,C,C,2,0,1,0,0,0
ALU_294,2,3,2,1,3,3,3,2,3,3,3,2,3,3,3,3,3,3,2,3,8,A,AD,A,A,A,1,2,3,2,2,2
ALU_414,2,2,1,2,2,2,2,2,1,1,1,3,2,2,3,2,2,1,2,3,4,AD,B,A,B,A,2,3,1,2,1,2
ALU_344,1,1,2,2,1,3,1,1,3,1,1,1,2,2,2,1,2,1,2,1,5,B,C,C,B,C,1,1,0,0,1,0
ALU_258,1,1,1,1,1,1,2,1,0,1,2,0,1,0,1,0,0,1,0,1,5,AD,A,B,A,A,1,3,2,1,2,2
ALU_309,2,3,2,2,3,3,2,3,3,3,3,2,2,2,2,2,1,2,2,2,6,A,C,C,A,B,1,2,0,0,2,1
ALU_150,2,0,0,1,1,1,1,1,0,2,1,1,1,0,1,1,2,2,1,2,3,A,A,AD,A,A,0,2,2,3,2,2
ALU_131,0,1,0,1,0,0,0,0,0,1,0,0,0,0,1,0,0,0,0,0,8,B,B,B,C,B,0,1,1,1,0,1
ALU_152,1,1,1,0,1,1,1,0,1,1,2,1,2,1,2,1,2,2,0,2,1,B,AD,A,AD,A,0,1,3,2,3,2
ALU_360,3,1,2,2,2,2,2,2,1,2,2,3,2,1,2,2,1,2,1,3,17,B,C,C,C,C,2,1,0,0,0,0
ALU_100,3,2,1,2,2,1,1,3,2,3,2,1,2,2,2,2,2,2,2,3,2,AD,AD,AD,A,AD,0,3,3,3,2,3
ALU_373,3,3,3,2,2,2,3,2,2,3,3,3,3,3,3,3,3,3,3,3,3,AD,AD,A,AD,AD,2,3,3,2,3,3
ALU_088,1,0,0,0,0,1,0,0,1,1,0,0,1,0,1,1,0,0,1,1,1,AD,AD,A,A,A,0,3,3,2,2,2
ALU_459,2,2,2,3,2,3,2,2,3,3,2,2,1,1,0,1,2,2,2,2,2,B,A,A,A,A,2,1,2,2,2,2
ALU_331,2,3,3,1,2,2,2,2,2,3,1,1,2,2,2,2,3,2,2,2,5,C,C,C,C,C,1,0,0,0,0,0
ALU_215,1,0,0,0,0,0,0,1,0,0,0,0,0,1,0,0,0,0,1,0,4,A,B,B,AD,A,0,2,1,1,3,2
ALU_467,3,3,3,3,3,2,3,3,3,2,3,3,3,3,3,3,2,3,3,3,2,B,C,C,B,C,2,1,0,0,1,0
ALU_122,0,0,0,0,0,1,0,0,0,1,0,0,0,0,0,0,1,2,1,1,1,A,A,A,A,A,0,2,2,2,2,2
ALU_500,2,3,2,3,2,2,1,2,1,2,2,2,2,2,2,2,2,1,3,2,9,A,C,C,C,C,2,2,0,0,0,0
ALU_021,1,0,1,1,1,1,2,0,2,1,1,2,1,2,1,0,2,2,1,2,4,AD,A,AD,A,A,0,3,2,3,2,2
ALU_189,1,2,1,3,1,2,1,2,2,1,2,2,2,2,2,1,2,2,1,3,8,A,B,B,A,A,0,2,1,1,2,2
ALU_072,1,1,1,1,0,0,0,0,1,0,0,0,0,1,0,1,1,0,1,1,5,AD,A,A,AD,A,0,3,2,2,3,2
ALU_107,0,0,0,0,1,0,0,0,1,0,0,0,0,0,0,0,1,0,0,0,3,C,C,B,C,C,0,0,0,1,0,0
ALU_271,2,2,2,2,3,3,3,2,3,3,1,2,3,1,3,2,3,3,2,3,9,A,AD,AD,AD,AD,1,2,3,3,3,3
ALU_349,2,2,2,1,3,3,3,3,2,3,1,2,2,2,1,3,2,3,1,3,6,A,A,A,B,A,1,2,2,2,1,2
ALU_436,2,1,3,2,2,1,2,1,2,2,3,1,1,3,2,2,2,2,2,2,1,B,B,A,B,B,2,1,1,2,1,1
ALU_103,0,0,0,1,1,1,0,1,1,1,1,0,2,1,0,1,0,1,0,0,6,AD,A,A,A,A,0,3,2,2,2,2
