LISTADO DE CASOS DE PRUEBA,,,,
Casos de Prueba,Descripción del Caso de Prueba,Identificador (ID) de la Historia (*),Número (#) de Escenario  (*),Criterio de Aceptación (Título)  (*)
CP001,INICIO DE SESION EXITOSO CON CREDENCIALES VALIDAS,HU0001,1,Inicio de sesión exitoso
CP002,INICIO DE SESION FALLIDO POR CREDENCIALES INVALIDAS,HU0001,2,Credenciales inválidas
CP003,IDENTIFICACION DEL ROL ACTIVO TRAS INICIAR SESION,HU0001,3,Identificación del rol activo
CP004,MENU RESTRINGIDO PARA EL ROL DOCENTE,HU0002,1,Menú restringido del docente
CP005,MENU CLINICO PARA EL ROL PSICOLOGO,HU0002,2,Menú restringido del psicólogo
CP006,LISTADO DE ALUMNOS EN MODO SOLO LECTURA PARA EL PSICOLOGO,HU0003,1,Listado en modo consulta
CP007,REGISTRO EXITOSO DE UN NUEVO ALUMNO,HU0004,1,Registro exitoso de alumno
CP008,VALIDACION DE CAMPOS OBLIGATORIOS AL REGISTRAR ALUMNO,HU0004,2,Validación de campos obligatorios
CP009,VISUALIZACION DE LA LISTA DE ALUMNOS CON SU ESTADO,HU0005,1,Lista con estado
CP010,LISTA VACIA,HU0005,2,Lista vacía
CP011,EDICION (EDITAR) EXITOSA DE LOS DATOS DE UN ALUMNO,HU0006,1,Edición exitosa
CP040,CAMPOS EDITABLES Y VERIFICACION EN LA LISTA,HU0006,2,Campos editables y verificacion en la lista
CP041,VALIDACION AL EDITAR,HU0006,3,Validacion al editar
CP042,CANCELACION DE LA EDICION,HU0006,4,Cancelacion de la edicion
CP012,SOLICITUD DE CONFIRMACION ANTES DE ELIMINAR UN ALUMNO,HU0007,1,Confirmación antes de eliminar
CP013,ELIMINACION EFECTIVA DE UN ALUMNO TRAS CONFIRMAR,HU0007,2,Eliminación efectiva
CP043,"ELIMINACION BLOQUEADA, SIN BORRADO EN CASCADA",HU0007,3,"Eliminacion bloqueada, sin borrado en cascada"
CP044,CANCELACION DE LA ELIMINACION,HU0007,4,Cancelacion de la eliminacion
CP014,REGISTRO DE INASISTENCIAS DESDE SU MODULO INDEPENDIENTE,HU0008,1,Registro de inasistencias en su módulo independiente
CP045,PERIODO Y LIMITE DE LOS DIAS,HU0008,2,Periodo y limite de los dias
CP046,CONSULTA DEL HISTORIAL DE CAMBIOS,HU0008,3,Consulta del historial de cambios
CP047,AVISO ANTE UN SALTO GRANDE,HU0008,4,Aviso ante un salto grande
CP048,LA PREDICCION SE RECALCULA SOLA,HU0008,5,La prediccion se recalcula sola
CP076,CONSULTA DEL VALOR VIGENTE ANTES DE MODIFICARLO,HU0008,6,Consulta del valor vigente antes de modificarlo
CP077,TRAZABILIDAD DE LAS INASISTENCIAS EN CADA PREDICCION,HU0008,7,Cada prediccion conserva las inasistencias con las que se genero
CP015,REGISTRO EXITOSO DE LA ENCUESTA EDAH DE UN ALUMNO,HU0009,1,Registro de la encuesta
CP016,CALCULO DE LOS TOTALES DA HI TC DE LA ENCUESTA EDAH,HU0009,2,Cálculo de totales EDAH
CP049,ITEM FUERA DE LA ESCALA,HU0009,3,Item fuera de la escala
CP050,NO SE ADMITE UNA ENCUESTA INCOMPLETA,HU0009,4,No se admite una encuesta incompleta
CP051,SE REGISTRA QUIEN RESPONDE LA ESCALA,HU0009,5,Se registra quien responde la escala
CP052,INFORMANTE NO ADMITIDO,HU0009,6,Informante no admitido
CP053,REAPLICACION: SE USA SIEMPRE LA MAS RECIENTE,HU0009,7,Reaplicacion: se usa siempre la mas reciente
CP017,VISUALIZACION DE LAS RESPUESTAS DE LA ENCUESTA DE UN ALUMNO,HU0010,1,Visualización de respuestas
CP018,ALUMNO SIN ENCUESTAS REGISTRADAS AL VER RESPUESTAS,HU0010,2,Alumno sin encuesta
CP075,VARIAS APLICACIONES DE LA ESCALA EDAH DE UN ALUMNO,HU0010,3,Varias aplicaciones de la escala
CP019,REGISTRO DE NOTAS POR ASIGNATURA EN UN BIMESTRE,HU0011,1,Registro de notas por curso
CP020,ACTUALIZACION DE UNA NOTA EXISTENTE SIN DUPLICARLA,HU0011,2,Evitar notas duplicadas
CP021,CALCULO AUTOMATICO DEL PROMEDIO DEL BIMESTRE EN LETRA,HU0012,1,Promedio en letra
CP022,VISUALIZACION DEL HISTORIAL DE NOTAS DEL ALUMNO,HU0013,1,Historial agrupado
CP023,CARGA MASIVA EXITOSA DE NOTAS POR ARCHIVO CSV,HU0014,1,Carga masiva exitosa (CSV)
CP024,MANEJO DE ERRORES POR FILA EN LA CARGA MASIVA,HU0014,2,Errores por fila
CP025,GENERACION EXITOSA DE LA PREDICCION DE UN ALUMNO,HU0015,1,Predicción exitosa
CP026,INTENTO DE PREDICCION  SIN ENCUESTA EDAH REGISTRADA,HU0015,2,Falta de encuesta
CP054,CUALQUIER ROL CON ACCESO PUEDE GENERARLA,HU0015,3,Cualquier rol con acceso puede generarla
CP027,CLASIFICACION DEL INDICADOR DE TDAH POR EL MODELO,HU0016,1,Clasificación del modelo
CP028,REFERENCIA PSICOMETRICA COMO DATO SOLO INFORMATIVO,HU0016,2,Referencia psicométrica solo informativa
CP029,VISUALIZACION DEL NIVEL Y PROBABILIDAD DE RIESGO ACADEMICO,HU0017,1,Nivel y probabilidad de riesgo
CP030,GENERACION DE LA EXPLICACION SHAP DE UNA PREDICCION,HU0018,1,Explicación SHAP generada
CP031,VISUALIZACION DEL HISTORIAL DE PREDICCIONES CON FECHA LEGIBLE,HU0019,1,Historial limpio y con fecha
CP032,VISUALIZACION DEL PLAN DE ACCION PRESCRIPTIVO,HU0020,1,Plan de acción por reglas compuestas
CP033,AVISO CLINICO EN EL PLAN DE ACCION,HU0020,2,Aviso obligatorio
CP034,VISUALIZACION DEL PANEL COMPLETO DEL ALUMNO,HU0021,1,Panel del alumno
CP035,RENDIMIENTO GENERAL MOSTRADO COMO NOTA LITERAL,HU0021,2,Rendimiento en nota literal
CP036,VISUALIZACION DE LOS CONTEOS GENERALES DEL DASHBOARD,HU0022,1,Conteos generales
CP037,FILTRADO CRUZADO POR TDAH Y RIESGO EN EL DASHBOARD GENERAL,HU0023,1,Filtrado cruzado en el Dashboard General
CP038,VISUALIZACION DEL PANEL DE METRICAS DEL MODELO,HU0024,1,Panel de métricas
CP055,FIABILIDAD MEDIDA CON ALUMNOS REALES,HU0024,2,Fiabilidad medida con alumnos reales
CP056,SE DISTINGUEN LOS DOS CONJUNTOS DE DATOS,HU0024,3,Se distinguen los dos conjuntos de datos
CP057,INFLUENCIA DE CADA VARIABLE,HU0024,4,Influencia de cada variable
CP058,ADVERTENCIA DE TAMIZAJE Y TIPOS DE ERROR,HU0024,5,Advertencia de tamizaje y tipos de error
CP059,AVISO EN LOS NIVELES CON POCOS CASOS,HU0024,6,Aviso en los niveles con pocos casos
CP039,DESCARGA DEL EXPEDIENTE PSICOLOGICO EN PDF,HU0025,1,Descarga del expediente
CP060,SOLICITUD REGISTRADA,HU0026,1,Solicitud registrada
CP061,LA RESPUESTA NO REVELA SI LA CUENTA EXISTE,HU0026,2,La respuesta no revela si la cuenta existe
CP062,UNA SOLA PETICION VIVA POR CUENTA,HU0026,3,Una sola peticion viva por cuenta
CP063,LA SOLICITUD CADUCA SOLA,HU0026,4,La solicitud caduca sola
CP064,SOLO EL ADMINISTRADOR ACCEDE A LA BANDEJA,HU0027,1,Solo el administrador accede a la bandeja
CP065,RESTABLECIMIENTO APLICADO,HU0027,2,Restablecimiento aplicado
CP066,LAS SESIONES ABIERTAS SE CIERRAN,HU0027,3,Las sesiones abiertas se cierran
CP067,UNA SOLICITUD ATENDIDA NO SE REUTILIZA,HU0027,4,Una solicitud atendida no se reutiliza
CP068,LA CONTRASENA NUEVA DEBE SER VALIDA,HU0027,5,La contrasena nueva debe ser valida
CP069,INVENTARIO DE CUENTAS,HU0028,1,Inventario de cuentas
CP070,CIERRE DE SESIONES SIN CAMBIAR LA CONTRASENA,HU0028,2,Cierre de sesiones sin cambiar la contrasena
CP071,AVISO AL CERRAR LA PROPIA SESION,HU0028,3,Aviso al cerrar la propia sesion
CP072,MATRIZ DE PERMISOS DERIVADA DE LA CONFIGURACION,HU0028,4,Matriz de permisos derivada de la configuracion
CP073,LAS CREDENCIALES MOSTRADAS SON LAS VIGENTES,HU0029,1,Las credenciales mostradas son las vigentes
CP074,UNA CUENTA CON CONTRASENA CAMBIADA DEJA DE MOSTRARSE,HU0029,2,Una cuenta con contrasena cambiada deja de mostrarse
,,,,
 (*) Proviene de la Plantilla de HISTRIAS DE USUARIO Y CRITERIOS DE ACEPTACION,,,,
NOTA: Es una hoja por cada CP,,,,
