alumno_id,fecha,estado
1,2026-03-04,No asistió
2,2026-08-06,No asistió
2,2026-08-11,No asistió
2,2026-09-11,No asistió
3,2026-03-09,No asistió
3,2026-03-17,No asistió
3,2026-05-07,No asistió
3,2026-05-12,No asistió
3,2026-05-27,No asistió
3,2026-06-01,No asistió
3,2026-06-15,No asistió
3,2026-07-13,No asistió
3,2026-07-28,No asistió
3,2026-08-03,No asistió
3,2026-08-05,No asistió
3,2026-09-03,No asistió
3,2026-09-23,No asistió
4,2026-03-05,No asistió
4,2026-04-17,No asistió
4,2026-04-28,No asistió
4,2026-05-05,No asistió
4,2026-05-06,No asistió
4,2026-05-12,No asistió
4,2026-08-21,No asistió
4,2026-08-24,No asistió
4,2026-09-18,No asistió
5,2026-03-23,No asistió
5,2026-03-26,No asistió
5,2026-04-29,No asistió
5,2026-05-29,No asistió
5,2026-08-06,No asistió
6,2026-04-16,No asistió
6,2026-04-28,No asistió
6,2026-05-11,No asistió
6,2026-06-17,No asistió
6,2026-07-24,No asistió
6,2026-09-02,No asistió
7,2026-03-06,No asistió
7,2026-04-03,No asistió
7,2026-04-21,No asistió
7,2026-04-23,No asistió
7,2026-06-17,No asistió
7,2026-07-31,No asistió
7,2026-09-15,No asistió
7,2026-09-18,No asistió
8,2026-03-23,No asistió
8,2026-04-07,No asistió
8,2026-09-03,No asistió
8,2026-09-29,No asistió
9,2026-05-25,No asistió
9,2026-06-04,No asistió
9,2026-09-04,No asistió
10,2026-06-02,No asistió
10,2026-06-03,No asistió
10,2026-08-19,No asistió
11,2026-04-16,No asistió
11,2026-04-17,No asistió
11,2026-05-29,No asistió
11,2026-06-25,No asistió
12,2026-03-31,No asistió
12,2026-04-01,No asistió
12,2026-07-29,No asistió
13,2026-03-26,No asistió
13,2026-05-27,No asistió
13,2026-06-25,No asistió
13,2026-09-09,No asistió
13,2026-09-15,No asistió
14,2026-06-10,No asistió
14,2026-07-02,No asistió
15,2026-03-02,No asistió
15,2026-03-06,No asistió
15,2026-04-24,No asistió
15,2026-04-28,No asistió
15,2026-04-29,No asistió
15,2026-05-13,No asistió
15,2026-05-18,No asistió
15,2026-05-28,No asistió
15,2026-06-11,No asistió
15,2026-06-16,No asistió
15,2026-06-25,No asistió
15,2026-07-08,No asistió
15,2026-07-27,No asistió
15,2026-07-30,No asistió
15,2026-07-31,No asistió
15,2026-09-14,No asistió
15,2026-09-23,No asistió
15,2026-09-29,No asistió
16,2026-05-04,No asistió
16,2026-05-27,No asistió
17,2026-06-23,No asistió
17,2026-09-15,No asistió
17,2026-09-24,No asistió
18,2026-03-25,No asistió
18,2026-04-24,No asistió
19,2026-03-13,No asistió
19,2026-03-18,No asistió
19,2026-03-25,No asistió
19,2026-03-26,No asistió
19,2026-04-07,No asistió
19,2026-04-17,No asistió
19,2026-04-23,No asistió
19,2026-05-07,No asistió
19,2026-05-19,No asistió
19,2026-06-05,No asistió
19,2026-08-11,No asistió
19,2026-08-19,No asistió
20,2026-04-24,No asistió
20,2026-05-15,No asistió
20,2026-09-14,No asistió
21,2026-03-03,No asistió
21,2026-03-11,No asistió
21,2026-03-13,No asistió
21,2026-03-26,No asistió
21,2026-04-06,No asistió
21,2026-05-06,No asistió
21,2026-05-22,No asistió
21,2026-06-08,No asistió
21,2026-06-17,No asistió
21,2026-06-22,No asistió
21,2026-07-06,No asistió
21,2026-07-09,No asistió
21,2026-07-30,No asistió
21,2026-08-24,No asistió
21,2026-09-21,No asistió
22,2026-03-16,No asistió
22,2026-03-19,No asistió
22,2026-04-23,No asistió
22,2026-05-21,No asistió
22,2026-07-28,No asistió
22,2026-09-17,No asistió
23,2026-05-22,No asistió
23,2026-08-10,No asistió
23,2026-08-13,No asistió
23,2026-08-14,No asistió
23,2026-09-03,No asistió
23,2026-09-11,No asistió
23,2026-09-15,No asistió
23,2026-09-23,No asistió
24,2026-03-05,No asistió
24,2026-03-20,No asistió
24,2026-03-31,No asistió
24,2026-04-15,No asistió
24,2026-04-24,No asistió
24,2026-04-28,No asistió
24,2026-06-02,No asistió
24,2026-06-11,No asistió
24,2026-06-26,No asistió
24,2026-06-30,No asistió
24,2026-07-07,No asistió
24,2026-07-28,No asistió
24,2026-07-31,No asistió
24,2026-08-11,No asistió
24,2026-09-22,No asistió
25,2026-03-05,No asistió
25,2026-07-22,No asistió
26,2026-06-26,No asistió
26,2026-07-21,No asistió
26,2026-09-28,No asistió
27,2026-03-09,No asistió
27,2026-03-12,No asistió
27,2026-05-20,No asistió
27,2026-05-27,No asistió
27,2026-06-09,No asistió
27,2026-06-11,No asistió
27,2026-07-21,No asistió
28,2026-03-02,No asistió
28,2026-03-27,No asistió
28,2026-05-08,No asistió
28,2026-06-18,No asistió
28,2026-07-09,No asistió
28,2026-07-27,No asistió
28,2026-08-26,No asistió
29,2026-03-04,No asistió
29,2026-04-13,No asistió
29,2026-06-01,No asistió
30,2026-03-23,No asistió
30,2026-04-30,No asistió
30,2026-06-19,No asistió
30,2026-07-10,No asistió
30,2026-07-20,No asistió
30,2026-08-12,No asistió
30,2026-08-14,No asistió
30,2026-08-19,No asistió
30,2026-08-27,No asistió
30,2026-09-16,No asistió
31,2026-03-09,No asistió
31,2026-06-05,No asistió
31,2026-08-24,No asistió
31,2026-09-15,No asistió
31,2026-09-25,No asistió
31,2026-09-29,No asistió
32,2026-06-29,No asistió
32,2026-09-22,No asistió
33,2026-06-24,No asistió
34,2026-03-10,No asistió
34,2026-03-19,No asistió
34,2026-03-27,No asistió
34,2026-05-15,No asistió
34,2026-07-28,No asistió
34,2026-09-25,No asistió
35,2026-03-11,No asistió
35,2026-03-24,No asistió
35,2026-03-25,No asistió
35,2026-04-16,No asistió
35,2026-05-04,No asistió
35,2026-05-06,No asistió
35,2026-05-08,No asistió
35,2026-06-22,No asistió
35,2026-06-29,No asistió
35,2026-07-10,No asistió
36,2026-03-02,No asistió
36,2026-04-24,No asistió
36,2026-09-09,No asistió
36,2026-09-23,No asistió
37,2026-05-11,No asistió
37,2026-05-15,No asistió
37,2026-08-25,No asistió
37,2026-09-02,No asistió
37,2026-09-11,No asistió
38,2026-08-10,No asistió
39,2026-03-31,No asistió
39,2026-04-15,No asistió
39,2026-04-30,No asistió
39,2026-05-29,No asistió
39,2026-07-31,No asistió
39,2026-08-19,No asistió
40,2026-03-05,No asistió
40,2026-03-12,No asistió
40,2026-05-12,No asistió
40,2026-06-10,No asistió
40,2026-08-10,No asistió
40,2026-08-24,No asistió
