alumno_id,HI1,DA1,HI2,DA2,HI3,DA3,HI4,DA4,HI5,DA5,TC1,TC2,TC3,TC4,TC5,TC6,TC7,TC8,TC9,TC10,fecha_aplicacion
1,1,1,1,1,2,1,2,1,1,1,2,1,1,3,2,1,0,1,2,1,2026-09-29
2,1,1,1,1,1,1,1,1,1,1,0,0,2,1,0,0,1,1,0,1,2026-09-29
3,3,3,3,3,3,3,3,3,3,3,2,2,2,2,3,1,2,2,3,1,2026-09-29
4,1,2,1,1,1,1,1,2,1,1,2,2,1,1,1,1,1,1,2,2,2026-09-29
5,0,0,1,0,0,0,1,0,0,0,1,1,1,1,0,0,0,1,1,2,2026-09-29
6,2,2,1,1,1,1,2,1,2,1,1,1,2,1,1,0,1,0,0,0,2026-09-29
7,1,0,1,1,1,1,0,1,2,1,2,1,1,2,3,1,1,2,0,1,2026-09-29
8,1,0,0,0,0,1,1,0,1,1,1,1,1,2,1,1,1,0,1,1,2026-09-29
9,0,0,0,0,1,1,0,0,1,0,1,1,2,1,1,3,2,2,1,1,2026-09-29
10,2,2,1,1,1,1,1,1,2,0,2,2,0,1,1,1,2,2,1,2,2026-09-29
11,2,2,1,1,1,1,1,1,1,1,2,1,1,1,2,1,1,1,1,2,2026-09-29
12,0,1,0,1,1,0,1,1,1,0,1,0,0,1,1,0,1,1,0,1,2026-09-29
13,0,0,0,1,1,1,0,0,0,0,1,0,0,0,1,1,0,1,0,1,2026-09-29
14,0,1,1,0,0,1,0,1,0,0,0,1,1,1,2,1,2,0,2,1,2026-09-29
15,3,3,3,3,3,3,2,3,2,3,2,1,0,1,0,0,1,0,0,1,2026-09-29
16,1,1,0,0,0,0,1,1,1,1,1,0,0,0,2,1,0,1,1,0,2026-09-29
17,0,0,1,1,0,0,1,0,0,1,1,2,2,1,1,3,1,1,0,0,2026-09-29
18,1,0,1,0,1,1,0,0,1,1,0,2,0,1,0,1,0,1,0,2,2026-09-29
19,2,3,2,3,2,2,2,3,3,3,1,1,2,3,3,2,2,2,1,1,2026-09-29
20,0,1,1,2,0,1,0,1,1,1,1,0,1,2,0,2,1,2,1,1,2026-09-29
21,2,2,2,2,2,2,2,2,1,3,1,0,1,1,1,0,1,1,2,2,2026-09-29
22,3,2,3,2,3,2,3,2,3,3,0,0,1,0,1,1,2,0,1,0,2026-09-29
23,2,3,2,2,2,2,2,3,2,2,0,0,0,1,1,2,0,0,0,1,2026-09-29
24,2,1,1,2,1,2,2,2,1,2,0,1,0,1,0,1,1,0,0,0,2026-09-29
25,1,0,1,1,1,1,1,0,1,0,1,0,2,1,2,2,1,0,1,1,2026-09-29
26,1,1,0,0,0,0,0,1,1,1,0,2,1,1,1,2,2,1,1,1,2026-09-29
27,1,0,1,0,1,0,1,0,0,0,1,1,1,2,1,0,2,1,1,1,2026-09-29
28,1,2,2,2,1,2,0,1,1,2,2,3,1,1,0,0,2,2,2,1,2026-09-29
29,1,1,1,1,1,1,1,0,1,1,0,1,0,0,2,1,1,1,1,2,2026-09-29
30,3,2,2,2,2,1,2,3,2,2,1,1,0,0,1,0,1,0,2,1,2026-09-29
31,2,2,2,2,2,2,2,3,2,3,1,0,1,0,1,1,0,2,1,1,2026-09-29
32,0,1,0,1,1,1,0,1,0,0,1,2,0,2,1,1,0,1,1,2,2026-09-29
33,2,2,1,2,2,1,1,2,1,1,0,0,1,0,1,0,0,0,2,2,2026-09-29
34,2,1,2,2,2,1,2,2,1,1,1,0,0,0,0,0,0,0,0,1,2026-09-29
35,0,2,1,1,2,1,0,1,2,1,1,0,1,2,1,1,1,0,1,2,2026-09-29
36,1,0,0,1,0,0,1,0,1,0,2,3,1,2,1,2,2,0,1,2,2026-09-29
37,1,1,1,1,1,1,1,2,1,1,0,1,0,1,0,1,0,2,2,1,2026-09-29
38,1,0,2,1,1,0,0,1,0,1,2,0,1,1,1,2,0,1,1,0,2026-09-29
39,2,1,2,1,2,1,2,0,2,1,0,1,0,1,1,1,0,1,0,1,2026-09-29
40,0,2,0,2,0,2,0,3,0,2,1,2,1,1,1,1,2,0,1,0,2026-09-29
