alumno_id,bimestre,asignatura,calificacion
1,1,Matemática,A
1,1,Comunicación,A
1,1,Ciencia y Tecnología,A
1,2,Matemática,A
1,2,Comunicación,A
1,2,Ciencia y Tecnología,A
1,3,Matemática,A
1,3,Comunicación,A
1,3,Ciencia y Tecnología,A
1,4,Matemática,AD
1,4,Comunicación,AD
1,4,Ciencia y Tecnología,AD
2,1,Matemática,AD
2,1,Comunicación,AD
2,1,Ciencia y Tecnología,AD
2,2,Matemática,AD
2,2,Comunicación,AD
2,2,Ciencia y Tecnología,AD
2,3,Matemática,AD
2,3,Comunicación,AD
2,3,Ciencia y Tecnología,AD
2,4,Matemática,AD
2,4,Comunicación,AD
2,4,Ciencia y Tecnología,AD
3,1,Matemática,A
3,1,Comunicación,A
3,1,Ciencia y Tecnología,A
3,2,Matemática,B
3,2,Comunicación,B
3,2,Ciencia y Tecnología,B
3,3,Matemática,B
3,3,Comunicación,B
3,3,Ciencia y Tecnología,B
3,4,Matemática,B
3,4,Comunicación,B
3,4,Ciencia y Tecnología,B
4,1,Matemática,A
4,1,Comunicación,A
4,1,Ciencia y Tecnología,A
4,2,Matemática,A
4,2,Comunicación,A
4,2,Ciencia y Tecnología,A
4,3,Matemática,A
4,3,Comunicación,A
4,3,Ciencia y Tecnología,A
4,4,Matemática,A
4,4,Comunicación,A
4,4,Ciencia y Tecnología,A
5,1,Matemática,A
5,1,Comunicación,A
5,1,Ciencia y Tecnología,A
5,2,Matemática,A
5,2,Comunicación,A
5,2,Ciencia y Tecnología,A
5,3,Matemática,A
5,3,Comunicación,A
5,3,Ciencia y Tecnología,A
5,4,Matemática,A
5,4,Comunicación,A
5,4,Ciencia y Tecnología,A
6,1,Matemática,A
6,1,Comunicación,A
6,1,Ciencia y Tecnología,A
6,2,Matemática,B
6,2,Comunicación,B
6,2,Ciencia y Tecnología,B
6,3,Matemática,B
6,3,Comunicación,B
6,3,Ciencia y Tecnología,B
6,4,Matemática,B
6,4,Comunicación,B
6,4,Ciencia y Tecnología,B
7,1,Matemática,A
7,1,Comunicación,A
7,1,Ciencia y Tecnología,A
7,2,Matemática,B
7,2,Comunicación,B
7,2,Ciencia y Tecnología,B
7,3,Matemática,C
7,3,Comunicación,C
7,3,Ciencia y Tecnología,C
7,4,Matemática,B
7,4,Comunicación,B
7,4,Ciencia y Tecnología,B
8,1,Matemática,A
8,1,Comunicación,A
8,1,Ciencia y Tecnología,A
8,2,Matemática,A
8,2,Comunicación,A
8,2,Ciencia y Tecnología,A
8,3,Matemática,A
8,3,Comunicación,A
8,3,Ciencia y Tecnología,A
8,4,Matemática,A
8,4,Comunicación,A
8,4,Ciencia y Tecnología,A
9,1,Matemática,A
9,1,Comunicación,A
9,1,Ciencia y Tecnología,A
9,2,Matemática,A
9,2,Comunicación,A
9,2,Ciencia y Tecnología,A
9,3,Matemática,A
9,3,Comunicación,A
9,3,Ciencia y Tecnología,A
9,4,Matemática,A
9,4,Comunicación,A
9,4,Ciencia y Tecnología,A
10,1,Matemática,AD
10,1,Comunicación,AD
10,1,Ciencia y Tecnología,AD
10,2,Matemática,AD
10,2,Comunicación,AD
10,2,Ciencia y Tecnología,AD
10,3,Matemática,A
10,3,Comunicación,A
10,3,Ciencia y Tecnología,A
10,4,Matemática,AD
10,4,Comunicación,AD
10,4,Ciencia y Tecnología,AD
11,1,Matemática,A
11,1,Comunicación,A
11,1,Ciencia y Tecnología,A
11,2,Matemática,A
11,2,Comunicación,A
11,2,Ciencia y Tecnología,A
11,3,Matemática,A
11,3,Comunicación,A
11,3,Ciencia y Tecnología,A
11,4,Matemática,A
11,4,Comunicación,A
11,4,Ciencia y Tecnología,A
12,1,Matemática,A
12,1,Comunicación,A
12,1,Ciencia y Tecnología,A
12,2,Matemática,AD
12,2,Comunicación,AD
12,2,Ciencia y Tecnología,AD
12,3,Matemática,A
12,3,Comunicación,A
12,3,Ciencia y Tecnología,A
12,4,Matemática,AD
12,4,Comunicación,AD
12,4,Ciencia y Tecnología,AD
13,1,Matemática,A
13,1,Comunicación,A
13,1,Ciencia y Tecnología,A
13,2,Matemática,A
13,2,Comunicación,A
13,2,Ciencia y Tecnología,A
13,3,Matemática,AD
13,3,Comunicación,AD
13,3,Ciencia y Tecnología,AD
13,4,Matemática,B
13,4,Comunicación,B
13,4,Ciencia y Tecnología,B
14,1,Matemática,A
14,1,Comunicación,A
14,1,Ciencia y Tecnología,A
14,2,Matemática,A
14,2,Comunicación,A
14,2,Ciencia y Tecnología,A
14,3,Matemática,A
14,3,Comunicación,A
14,3,Ciencia y Tecnología,A
14,4,Matemática,A
14,4,Comunicación,A
14,4,Ciencia y Tecnología,A
15,1,Matemática,B
15,1,Comunicación,B
15,1,Ciencia y Tecnología,B
15,2,Matemática,C
15,2,Comunicación,C
15,2,Ciencia y Tecnología,C
15,3,Matemática,B
15,3,Comunicación,B
15,3,Ciencia y Tecnología,B
15,4,Matemática,B
15,4,Comunicación,B
15,4,Ciencia y Tecnología,B
16,1,Matemática,A
16,1,Comunicación,A
16,1,Ciencia y Tecnología,A
16,2,Matemática,A
16,2,Comunicación,A
16,2,Ciencia y Tecnología,A
16,3,Matemática,B
16,3,Comunicación,B
16,3,Ciencia y Tecnología,B
16,4,Matemática,A
16,4,Comunicación,A
16,4,Ciencia y Tecnología,A
17,1,Matemática,A
17,1,Comunicación,A
17,1,Ciencia y Tecnología,A
17,2,Matemática,A
17,2,Comunicación,A
17,2,Ciencia y Tecnología,A
17,3,Matemática,A
17,3,Comunicación,A
17,3,Ciencia y Tecnología,A
17,4,Matemática,A
17,4,Comunicación,A
17,4,Ciencia y Tecnología,A
18,1,Matemática,AD
18,1,Comunicación,AD
18,1,Ciencia y Tecnología,AD
18,2,Matemática,AD
18,2,Comunicación,AD
18,2,Ciencia y Tecnología,AD
18,3,Matemática,AD
18,3,Comunicación,AD
18,3,Ciencia y Tecnología,AD
18,4,Matemática,AD
18,4,Comunicación,AD
18,4,Ciencia y Tecnología,AD
19,1,Matemática,A
19,1,Comunicación,A
19,1,Ciencia y Tecnología,A
19,2,Matemática,B
19,2,Comunicación,B
19,2,Ciencia y Tecnología,B
19,3,Matemática,A
19,3,Comunicación,A
19,3,Ciencia y Tecnología,A
19,4,Matemática,B
19,4,Comunicación,B
19,4,Ciencia y Tecnología,B
20,1,Matemática,A
20,1,Comunicación,A
20,1,Ciencia y Tecnología,A
20,2,Matemática,A
20,2,Comunicación,A
20,2,Ciencia y Tecnología,A
20,3,Matemática,A
20,3,Comunicación,A
20,3,Ciencia y Tecnología,A
20,4,Matemática,A
20,4,Comunicación,A
20,4,Ciencia y Tecnología,A
21,1,Matemática,B
21,1,Comunicación,B
21,1,Ciencia y Tecnología,B
21,2,Matemática,B
21,2,Comunicación,B
21,2,Ciencia y Tecnología,B
21,3,Matemática,C
21,3,Comunicación,C
21,3,Ciencia y Tecnología,C
21,4,Matemática,C
21,4,Comunicación,C
21,4,Ciencia y Tecnología,C
22,1,Matemática,B
22,1,Comunicación,B
22,1,Ciencia y Tecnología,B
22,2,Matemática,B
22,2,Comunicación,B
22,2,Ciencia y Tecnología,B
22,3,Matemática,B
22,3,Comunicación,B
22,3,Ciencia y Tecnología,B
22,4,Matemática,C
22,4,Comunicación,C
22,4,Ciencia y Tecnología,C
23,1,Matemática,B
23,1,Comunicación,B
23,1,Ciencia y Tecnología,B
23,2,Matemática,B
23,2,Comunicación,B
23,2,Ciencia y Tecnología,B
23,3,Matemática,C
23,3,Comunicación,C
23,3,Ciencia y Tecnología,C
23,4,Matemática,B
23,4,Comunicación,B
23,4,Ciencia y Tecnología,B
24,1,Matemática,C
24,1,Comunicación,C
24,1,Ciencia y Tecnología,C
24,2,Matemática,B
24,2,Comunicación,B
24,2,Ciencia y Tecnología,B
24,3,Matemática,C
24,3,Comunicación,C
24,3,Ciencia y Tecnología,C
24,4,Matemática,B
24,4,Comunicación,B
24,4,Ciencia y Tecnología,B
25,1,Matemática,B
25,1,Comunicación,B
25,1,Ciencia y Tecnología,B
25,2,Matemática,A
25,2,Comunicación,A
25,2,Ciencia y Tecnología,A
25,3,Matemática,B
25,3,Comunicación,B
25,3,Ciencia y Tecnología,B
25,4,Matemática,A
25,4,Comunicación,A
25,4,Ciencia y Tecnología,A
26,1,Matemática,AD
26,1,Comunicación,AD
26,1,Ciencia y Tecnología,AD
26,2,Matemática,A
26,2,Comunicación,A
26,2,Ciencia y Tecnología,A
26,3,Matemática,A
26,3,Comunicación,A
26,3,Ciencia y Tecnología,A
26,4,Matemática,A
26,4,Comunicación,A
26,4,Ciencia y Tecnología,A
27,1,Matemática,B
27,1,Comunicación,B
27,1,Ciencia y Tecnología,B
27,2,Matemática,C
27,2,Comunicación,C
27,2,Ciencia y Tecnología,C
27,3,Matemática,C
27,3,Comunicación,C
27,3,Ciencia y Tecnología,C
27,4,Matemática,C
27,4,Comunicación,C
27,4,Ciencia y Tecnología,C
28,1,Matemática,B
28,1,Comunicación,B
28,1,Ciencia y Tecnología,B
28,2,Matemática,A
28,2,Comunicación,A
28,2,Ciencia y Tecnología,A
28,3,Matemática,B
28,3,Comunicación,B
28,3,Ciencia y Tecnología,B
28,4,Matemática,A
28,4,Comunicación,A
28,4,Ciencia y Tecnología,A
29,1,Matemática,A
29,1,Comunicación,A
29,1,Ciencia y Tecnología,A
29,2,Matemática,A
29,2,Comunicación,A
29,2,Ciencia y Tecnología,A
29,3,Matemática,AD
29,3,Comunicación,AD
29,3,Ciencia y Tecnología,AD
29,4,Matemática,A
29,4,Comunicación,A
29,4,Ciencia y Tecnología,A
30,1,Matemática,B
30,1,Comunicación,B
30,1,Ciencia y Tecnología,B
30,2,Matemática,B
30,2,Comunicación,B
30,2,Ciencia y Tecnología,B
30,3,Matemática,C
30,3,Comunicación,C
30,3,Ciencia y Tecnología,C
30,4,Matemática,A
30,4,Comunicación,A
30,4,Ciencia y Tecnología,A
31,1,Matemática,A
31,1,Comunicación,A
31,1,Ciencia y Tecnología,A
31,2,Matemática,A
31,2,Comunicación,A
31,2,Ciencia y Tecnología,A
31,3,Matemática,A
31,3,Comunicación,A
31,3,Ciencia y Tecnología,A
31,4,Matemática,AD
31,4,Comunicación,AD
31,4,Ciencia y Tecnología,AD
32,1,Matemática,A
32,1,Comunicación,A
32,1,Ciencia y Tecnología,A
32,2,Matemática,B
32,2,Comunicación,B
32,2,Ciencia y Tecnología,B
32,3,Matemática,B
32,3,Comunicación,B
32,3,Ciencia y Tecnología,B
32,4,Matemática,A
32,4,Comunicación,A
32,4,Ciencia y Tecnología,A
33,1,Matemática,A
33,1,Comunicación,A
33,1,Ciencia y Tecnología,A
33,2,Matemática,A
33,2,Comunicación,A
33,2,Ciencia y Tecnología,A
33,3,Matemática,A
33,3,Comunicación,A
33,3,Ciencia y Tecnología,A
33,4,Matemática,A
33,4,Comunicación,A
33,4,Ciencia y Tecnología,A
34,1,Matemática,A
34,1,Comunicación,A
34,1,Ciencia y Tecnología,A
34,2,Matemática,B
34,2,Comunicación,B
34,2,Ciencia y Tecnología,B
34,3,Matemática,A
34,3,Comunicación,A
34,3,Ciencia y Tecnología,A
34,4,Matemática,B
34,4,Comunicación,B
34,4,Ciencia y Tecnología,B
35,1,Matemática,C
35,1,Comunicación,C
35,1,Ciencia y Tecnología,C
35,2,Matemática,B
35,2,Comunicación,B
35,2,Ciencia y Tecnología,B
35,3,Matemática,B
35,3,Comunicación,B
35,3,Ciencia y Tecnología,B
35,4,Matemática,C
35,4,Comunicación,C
35,4,Ciencia y Tecnología,C
36,1,Matemática,B
36,1,Comunicación,B
36,1,Ciencia y Tecnología,B
36,2,Matemática,A
36,2,Comunicación,A
36,2,Ciencia y Tecnología,A
36,3,Matemática,A
36,3,Comunicación,A
36,3,Ciencia y Tecnología,A
36,4,Matemática,A
36,4,Comunicación,A
36,4,Ciencia y Tecnología,A
37,1,Matemática,A
37,1,Comunicación,A
37,1,Ciencia y Tecnología,A
37,2,Matemática,AD
37,2,Comunicación,AD
37,2,Ciencia y Tecnología,AD
37,3,Matemática,A
37,3,Comunicación,A
37,3,Ciencia y Tecnología,A
37,4,Matemática,A
37,4,Comunicación,A
37,4,Ciencia y Tecnología,A
38,1,Matemática,A
38,1,Comunicación,A
38,1,Ciencia y Tecnología,A
38,2,Matemática,AD
38,2,Comunicación,AD
38,2,Ciencia y Tecnología,AD
38,3,Matemática,A
38,3,Comunicación,A
38,3,Ciencia y Tecnología,A
38,4,Matemática,AD
38,4,Comunicación,AD
38,4,Ciencia y Tecnología,AD
39,1,Matemática,A
39,1,Comunicación,A
39,1,Ciencia y Tecnología,A
39,2,Matemática,B
39,2,Comunicación,B
39,2,Ciencia y Tecnología,B
39,3,Matemática,A
39,3,Comunicación,A
39,3,Ciencia y Tecnología,A
39,4,Matemática,A
39,4,Comunicación,A
39,4,Ciencia y Tecnología,A
40,1,Matemática,C
40,1,Comunicación,C
40,1,Ciencia y Tecnología,C
40,2,Matemática,B
40,2,Comunicación,B
40,2,Ciencia y Tecnología,B
40,3,Matemática,B
40,3,Comunicación,B
40,3,Ciencia y Tecnología,B
40,4,Matemática,A
40,4,Comunicación,A
40,4,Ciencia y Tecnología,A
